lot_no,artist,title,year_birth,year_death,price_sold,estimate,signature,medium,dim_0,dim_1,year_creation,provenence,image_url
554,Henri Manguin,Enfants luttant,1874,1949,"GBP 27,500","GBP 25,000 - GBP 35,000",signed 'Manguin' (lower right),oil on canvas laid down on board,40.3,31.2,Painted in Summer 1905,"
    Ambroise Vollard, Paris, by whom acquired directly from the artist in March 1906.
    
    Galerie Alex Vömel, Dusseldorf.
    
    Herman Gotthard, Malmô.
    
    Anonymous sale, Stockholms Auktionserverk, Stockholm, 29 October 2008, lot 879.
    
    Acquired at the above sale by the present owner.
   ",https://www.christies.com/img/LotImages/2018/CKS/2018_CKS_15472_0554_000(henri_manguin_enfants_luttant).jpg?w=400
411,Auguste Herbin,La Loue,1882,1960,"GBP 35,000","GBP 25,000 - GBP 35,000",signed 'herbin' (lower right),oil on canvas,54,72.8,Painted in 1923,"
    Galerie de l'Effort Moderne [Léonce Rosenberg], Paris (no. 417).
    
    M. & Mme. Henri Bénézit, Paris.
    
    Anonymous sale, Christie's, London, 3 February 2010, lot 432.
    
    Private collection, Milan, by whom acquired at the above sale.
   ",https://www.christies.com/img/LotImages/2018/CKS/2018_CKS_15472_0411_000(auguste_herbin_la_loue).jpg?w=400
542,Pierre-Auguste Renoir (1841-1919) and Richard Guino,Petite Vénus à la pomme au socle,1890,1973,"GBP 37,500","GBP 20,000 - GBP 30,000","signed 'Renoir' and with the Guino monogram 'RG', stamped with the foundry mark and numbered 'C. VALSUANI CIRE PERDUE II/VIII' (at the back of the base)",bronze with dark brown patina,82.2,N.A.,Conceived in 1913 and cast in 1972,"
    Hôtel Bristol, Paris, December 1974.
    
    Michel Guino, Paris, by whom acquired from the above, and thence by descent to the present owner.
   ",https://www.christies.com/img/LotImages/2018/CKS/2018_CKS_15472_0542_000(pierre-auguste_renoir_and_richard_guino_petite_venus_a_la_pomme_au_soc).jpg?w=400
407,Eugène Ebiche,Paysage de Provence,1896,1987,"GBP 6,000","GBP 6,000 - GBP 8,000",signed 'Ebiche' (lower left),oil on canvas,54.3,65,N.A.,"
    Jonas Netter, by whom acquired directly from the artist, and thence by descent to the present owner.
   ",https://www.christies.com/img/LotImages/2018/CKS/2018_CKS_15472_0407_000(eugene_ebiche_paysage_de_provence).jpg?w=400
450,Juan Gris,"Raisins, carafe et livre",1887,1927,"GBP 150,000","GBP 160,000 - GBP 240,000",signed and dated 'Juan Gris. 1922' (lower left),oil on canvas,38,46,Painted in 1922,"
    Galerie Simon, Paris (no. 7436).
    
    Galerie Mettler, St. Gallen, Switzerland (no. 431).
    
    Mme Vandervelde, Switzerland; sale, Sotheby's, London, 17 February 1932, lot 136.
    
    Major Simmons, London; sale, Christie's, London, 27 March 1973, lot 24.
    
    Galerie Jan Krugier, Geneva.
    
    Brook Street Gallery, London.
    
    Private collection, Europe, by whom acquired from the above in 1975.
    
    Acquired from the above by the present owner in 1994.
   ",https://www.christies.com/img/LotImages/2018/CKS/2018_CKS_15472_0450_000(juan_gris_raisins_carafe_et_livre).jpg?w=400
581,Henry Moret,La côte sauvage,1856,1913,"GBP 81,250","GBP 40,000 - GBP 60,000",signed and indistinctly dated '19.. Henry Moret' (lower right),oil on canvas,60,72.5,Painted   circa  1908,"
    Private collection, France, by whom acquired in the 1930s; sale, Sotheby's, London, 1 July 1998, lot 218.
    
    Private collection, by whom acquired at the above sale; sale, Sotheby's, London, 25 June 2009, lot 102.
    
    MacConnal-Mason, London (no. 9928).
    
    Acquired from the above by the present owner.
   ",https://www.christies.com/img/LotImages/2018/CKS/2018_CKS_15472_0581_000(henry_moret_la_cote_sauvage).jpg?w=400
610,Pierre Eugène Montézin,Femme étendant du Linge,1874,1946,"GBP 27,500","GBP 12,000 - GBP 18,000",signed 'Montezin' (lower left),oil on canvas,54,65,Painted   circa  1940-1945,"
    Anonymous sale, Sotheby's, New York, 29 March 1984, lot 534.
    
    Anonymous sale, Sotheby's, London, 28 June 1995, lot 329.
    
    Acquired at the above sale, and thence by descent to the present owner.
   ",https://www.christies.com/img/LotImages/2018/CKS/2018_CKS_15472_0610_000(pierre_eugene_montezin_femme_etendant_du_linge).jpg?w=400
539,Pierre Bonnard,"Le thé, bouquet de violettes",1867,1947,"GBP 162,500","GBP 100,000 - GBP 150,000",signed 'Bonnard' (lower left),oil on canvas,80.5,59.5,Painted   circa  1907,"
    Madame Hendrick, Brussels.
    
    Matthiesen Gallery, London.
    
    Reid & Lefevre Gallery, London, 1942.
    
    Mayor Gallery, London, 1949.
    
    Anonymous sale; Sotheby's, London, 21 April 1971, lot 58.
    
    Private Collection.
    
    Acquired from the above by the present owner in 1974.
   ",https://www.christies.com/img/LotImages/2018/CKS/2018_CKS_15472_0539_000(pierre_bonnard_le_the_bouquet_de_violettes).jpg?w=400
606,Eugène Boudin,"Le pont Corneille, Rouen, effet de brouillard",1824,1898,"GBP 56,250","GBP 50,000 - GBP 70,000",signed and dated 'E Boudin 96' (lower left); inscribed 'Rouen_le pont Corneille effet de brouillard' (on the stretcher),oil on canvas,41.3,55.7,Painted in 1896,"
    Private collection, Paris, by
    
     circa
    
    1901, and thence by descent; sale, Hôtel Drouot, Paris, 24 March 1999, lot 5.
    
    Acquired at the above sale by the present owner.
   ",https://www.christies.com/img/LotImages/2018/CKS/2018_CKS_15472_0606_000(eugene_boudin_le_pont_corneille_rouen_effet_de_brouillard).jpg?w=400
485,Georges Braque,L'oiseau de feu,1882,1963,"GBP 62,500","GBP 30,000 - GBP 50,000",signed 'G Braque' (lower left),oil and charcoal on paper laid down cradled panel,28,50,Painted   circa  1954,"
    J. Richardson & D. Cooper, Uzès, a gift from the artist,
    
     circa
    
    1955.
    
    J. Richardson, New York.
    
    Triton Collection Foundation, Netherlands, by whom acquired from the above in December 1999.
   ",https://www.christies.com/img/LotImages/2018/CKS/2018_CKS_15472_0485_000(georges_braque_loiseau_de_feu).jpg?w=400
597,Theo van Rysselberghe,"Villas vues à travers les eucalyptus, La Mortola",1862,1926,"GBP 75,000","GBP 70,000 - GBP 100,000",N.A.,bears monogram,85,85.8,Painted   circa  1919-1921,"
    Kaplan Gallery, London.
    
    Anonymous sale, Christie's, London, 4 December 1984, lot 438.
    
    Anonymous sale, Christie's, London, 30 June 1987, lot 195.
   ",https://www.christies.com/img/LotImages/2018/CKS/2018_CKS_15472_0597_000(theo_van_rysselberghe_villas_vues_a_travers_les_eucalyptus_la_mortola).jpg?w=400
626,Henri Edmond Cross,"Étude pour ""Mère jouant avec son enfant""",1856,1910,"GBP 10,000","GBP 10,000 - GBP 15,000",N.A.,with the atelier stamp (Lugt no.1305a; lower right),13.5,14.8,N.A.,"
    Anonymous sale, Sotheby's, London, 23 October 1985, lot 26.
    
    Acquired at the above sale by the present owner.
   ",https://www.christies.com/img/LotImages/2018/CKS/2018_CKS_15472_0626_000(henri_edmond_cross_etude_pour_mere_jouant_avec_son_enfant).jpg?w=400
558,Chana Orloff,Liseuse no.1,1888,1968,"GBP 11,250","GBP 15,000 - GBP 20,000","signed, dated and numbered '59 ch. Orloff 8/8' (on the side of the chair); inscribed with the foundry mark 'Susse Fondeur Paris' (on the back)",bronze with dark brown patina,54,N.A.,Conceived in 1959 and cast in an edition of eight; this bronze cast in 1970,"
    Acquired by the present owner in the 2000s.
   ",https://www.christies.com/img/LotImages/2018/CKS/2018_CKS_15472_0558_000(chana_orloff_liseuse_no1).jpg?w=400
519,Paula Modersohn-Becker,Brustbild einer alten Bäuerin mit Hut vor Landschaft,1876,1907,"GBP 143,750","GBP 120,000 - GBP 160,000",signed with the artist's initials 'P.M-B.' (lower right),oil on canvas,50.2,74.5,Painted   circa  1901,"
    Karl Ströher, Darmstadt, by 1954.
    
    Galerie Wilhelm Grosshennig, Dusseldorf.
    
    Wilhelm Reinold, Hamburg, by whom probably acquired from the above in the in the late 1960s, and thence by descent to the present owners.
   ",https://www.christies.com/img/LotImages/2018/CKS/2018_CKS_15472_0519_000(paula_modersohn-becker_brustbild_einer_alten_bauerin_mit_hut_vor_lands).jpg?w=400
427,James Ensor,"Chou rouge, fruits et masques",1860,1949,"GBP 332,750","GBP 250,000 - GBP 350,000",signed 'J. ENSOR.' (lower right),oil on canvas,50.2,70.5,Painted   circa  1925,"
    Sam Salz, Paris & New York.
    
    Galerie Pierre, Paris, by 1929.
    
    Dr. Harry Bakwin, New York, by 1967.
    
    Dr. Ruth Bakwin, New York, by descent from the above.
    
    Christian Fayt Art Gallery, Knokke, by 1978.
    
    Private collection, Knokke.
    
    Acquired from the above by the present owners.
   ",https://www.christies.com/img/LotImages/2018/CKS/2018_CKS_15472_0427_000(james_ensor_chou_rouge_fruits_et_masques).jpg?w=400
562,Alecos Fassianos,Jours de printemps,1935,N.A.,GBP 188,"GBP 2,500 - GBP 3,500",signed 'Fassianos' (lower right),oil on canvas,25.5,39,Painted   circa  1995,"
    Galerie Bixio II, Milan.
    
    Acquired from the above by the present owner in 2000.
   ",https://www.christies.com/img/LotImages/2018/CKS/2018_CKS_15472_0562_000(alecos_fassianos_jours_de_printemps).jpg?w=400
470,Victor Brauner,Les musiciens,1903,1966,"GBP 47,500","GBP 30,000 - GBP 50,000",signed and dated 'VICTOR BRAUNER II. 1955.' (lower right),oil on canvas,55,46.3,Painted in 1955,"
    Galerie Tarica, Paris.
    
    Galerie Iolas, Paris.
    
    Galleria Gissi, Turin.
    
    Galleria Internazionale, Milan.
    
    Acquired from the above by the present owner.
   ",https://www.christies.com/img/LotImages/2018/CKS/2018_CKS_15472_0470_000(victor_brauner_les_musiciens).jpg?w=400
535,Édouard Vuillard,La femme au châle,1868,1940,"GBP 106,250","GBP 40,000 - GBP 60,000",N.A.,stamped with the artist's signature 'E. Vuillard' (Lugt: L.2497a; lower right),23,14.7,Painted   circa  1885,"
    The artist's estate.
    
    Gimpel Fils, London.
    
    Acquired from the above,
    
     circa
    
    1958; sale, Christie's, London, 28 June 1982, lot 12.
    
    Galerie Jan Krugier, Geneva.
    
    Private collection, Paris, by whom acquired from the above, and thence by descent to the present owner.
   ",https://www.christies.com/img/LotImages/2018/CKS/2018_CKS_15472_0535_000(edouard_vuillard_la_femme_au_chale).jpg?w=400
523,Wassily Kandinsky,Promenade gracieuse (Grosse Fassung),1866,1944,"GBP 125,000","GBP 100,000 - GBP 150,000",N.A.,gouache on incised maple,59,22.7,Executed   circa  1904,"
    Nina Kandinsky, Paris.
    
    Private collection; sale, Sotheby's, New York, 3-4 November 1988, lot 228.
    
    Private collection, Germany; sale, Villa Grisebach, Berlin, 24 November 1989, lot 23.
    
    Galerie Thomas, Munich, by 1993.
    
    Anonymous sale, Christie's, London, 7 October 1999, lot 52.
    
    Anonymous sale, Sotheby's, London, 26 June 2008, lot 321.
    
    Acquired at the above sale by the present owner.
   ",https://www.christies.com/img/LotImages/2018/CKS/2018_CKS_15472_0523_000(wassily_kandinsky_promenade_gracieuse).jpg?w=400
489,Raoul Dufy,"Epsom, la course",1877,1953,"GBP 150,000","GBP 120,000 - GBP 180,000",signed 'Raoul Dufy' (lower right),oil on canvas,37.8,46.4,Painted in 1933,"
    Dr. Alexandre Roudinesco, Paris, by whom acquired from the artist, and thence by descent; sale, Sotheby's, New York, 17 April 1969, lot 75.
    
    Private collection, France, acquired from the above; sale, Sotheby's, London, 4 February 2015, lot 432.
    
    Acquired at the above sale by the present owner.
   ",https://www.christies.com/img/LotImages/2018/CKS/2018_CKS_15472_0489_000(raoul_dufy_epsom_la_course).jpg?w=400
431,Henri Martin,Vue générale de St Cirq-Lapopie,1860,1943,"GBP 224,750","GBP 180,000 - GBP 250,000",N.A.,oil on canvas,116.8,111.1,Painted   circa  1930,"
    Ansas de Pradines, Toulouse.
    
    William Findlay Gallery, Chicago.
    
    New York University School of Law; sale, Sotheby's, New York, 11 February 1987, lot 63.
    
    Private collection, Europe, by whom acquired at the above sale; sale, Sotheby's, London, 8 December 1999, lot 152.
    
    Anonymous sale, Sotheby's, New York, 9 May 2001, lot 369.
    
    Private collection, Florida, by whom acquired at the above sale; sale, Christie's, New York, 5 May 2011, lot 368.
    
    Acquired at the above sale by the present owner.
   ",https://www.christies.com/img/LotImages/2018/CKS/2018_CKS_15472_0431_000(henri_martin_vue_generale_de_st_cirq-lapopie).jpg?w=400
574,André Brasilier,Cinq cavaliers dans les vagues,1929,N.A.,"GBP 62,500","GBP 50,000 - GBP 80,000","signed 'André Brasilier.' (lower right); signed, dated and inscribed 'Cinq cavaliers dans les vagues André Brasilier. 2014.' (on the stretcher)",oil on canvas,114,146,Painted in 2014,"
    Opera Gallery, Dubai.
    
    Acquired from the above by the present owner.
   ",https://www.christies.com/img/LotImages/2018/CKS/2018_CKS_15472_0574_000(andre_brasilier_cinq_cavaliers_dans_les_vagues).jpg?w=400
430,Maurice Denis,Maternité à la pomme,1870,1943,"GBP 512,750","GBP 150,000 - GBP 250,000",signed with artist's monogram and dated 'MAVD 97' (lower right),oil on canvas,69.2,51,Painted in 1897,"
    Dr. Faber, Copenhagen, by whom acquired from the artist in 1897.
    
    Mogens Ballin, Denmark.
    
    Galerie Cassirer, Berlin, acquired from the above in 1904 and the sold the same day to Count Kessler, Weimar; his sale, Hôtel Drouot, Paris, 16 May 1908, lot 14 (illustrated).
    
    Galerie Druet, Paris (no. 4584), acquired at the above sale.
    
    Henry Aubry, Paris, by whom acquired from the above, until at least 1924, and thence by descent.
    
    Hopkins Gallery, Paris.
    
    Acquired from the above by the present owner in 1988.
   ",https://www.christies.com/img/LotImages/2018/CKS/2018_CKS_15472_0430_000(maurice_denis_maternite_a_la_pomme).jpg?w=400
467,Francis Picabia,Composition abstraite,1879,1953,"GBP 81,250","GBP 50,000 - GBP 80,000",signed 'Francis Picabia' (lower left); dated '1945' (lower right),oil on canvas,55.3,46.3,Painted in 1945,"
    Private collection, Japan, by whom acquired in the 1980s.
   ",https://www.christies.com/img/LotImages/2018/CKS/2018_CKS_15472_0467_000(francis_picabia_composition_abstraite).jpg?w=400
471,Paul Delvaux,Nu,1897,1994,"GBP 112,500","GBP 100,000 - GBP 150,000",signed and dated '3-30.P.DELVAUX ' (lower right),oil on canvas,169.5,110,Painted in March 1930,"
    Suzanne Purnal, Brussels.
    
    Bernard Giron, Brussels.
    
    Private collection, Belgium.
   ",https://www.christies.com/img/LotImages/2018/CKS/2018_CKS_15472_0471_000(paul_delvaux_nu).jpg?w=400
534,Pierre-Auguste Renoir,Claude Renoir jouant aux constructions,1841,1919,"GBP 512,750","GBP 220,000 - GBP 320,000",N.A.,stamped with signature 'Renoir.' (Lugt 2137b; lower right),25.9,21.9,Painted   circa  1903-1904,"
    The artist's estate.
    
    Paul Vallotton, Lausanne.
    
    Anonymous sale, Sotheby's, London, 27 June 1990, lot 102.
    
    Anonymous sale, Christie's, New York, 19 November 1998, lot 132.
    
    Private collection, Texas, by whom acquired at the above sale; sale, Christie's, London, 5 May 2005, lot 221.
    
    Acquired at the above sale by the present owner.
   ",https://www.christies.com/img/LotImages/2018/CKS/2018_CKS_15472_0534_000(pierre-auguste_renoir_claude_renoir_jouant_aux_constructions).jpg?w=400
426,Pierre-Auguste Renoir,"Paysage, chemin à la sortie d'un bois",1841,1919,"GBP 150,000","GBP 120,000 - GBP 180,000",N.A.,stamped with signature 'Renoir.' (Lugt 2137b; lower left),22.2,31.3,Painted   circa  1895-1900,"
    The artist's estate; sale, Hôtel Drouot, Versailles, 7 June 1978, lot 106.
    
    Private collection, France.
   ",https://www.christies.com/img/LotImages/2018/CKS/2018_CKS_15472_0426_000(pierre-auguste_renoir_paysage_chemin_a_la_sortie_dun_bois).jpg?w=400
563,Enrico Donati,Sundown,1909,N.A.,"GBP 8,750","GBP 5,000 - GBP 8,000","signed 'donati' (lower right); signed, dated and inscribed 'ENRICO donati 1966 ""SUNDOWN""",oil and sand on canvas,76.5,101.6,Painted in 1966,"
    Staempfli Gallery Inc., New York.
    
    Baron & Baroness Bertie Urvater, Brussels.
    
    Acquired from the above by the present owner in 2004.
   ",https://www.christies.com/img/LotImages/2018/CKS/2018_CKS_15472_0563_000(enrico_donati_sundown).jpg?w=400
518,Alexej von Jawlensky,Bretonin,1864,1941,"GBP 428,750","GBP 250,000 - GBP 350,000",signed 'a.jawlensky' (upper right),oil on board,52.5,49.5,Painted   circa  1906,"
    Richard Kisling, Zurich, by whom acquired directly from the artist
    
     circa
    
    1912, and thence by descent; sale, G. & L. Bollag, Zurich, 18 November 1929, lot 318.
    
    Private collection.
    
    Galerie Wilhelm Grosshennig, Dusseldorf, by 1961.
    
    Wilhelm Reinold, Hamburg, by whom probably acquired from the above, in the late 1960s, and thence by descent to the present owners.
   ",https://www.christies.com/img/LotImages/2018/CKS/2018_CKS_15472_0518_000(alexej_von_jawlensky_bretonin).jpg?w=400
559,Chana Orloff,Danseuse s'étirant,1888,1968,"GBP 4,750","GBP 15,000 - GBP 20,000",signed and numbered 'ch.Orloff 2/8' (on the top of the base); inscribed with the foundry mark 'Susse Fondeur Paris' (on the side of the base),bronze with dark brown patina,75.5,N.A.,Conceived in 1963 and cast in an edition of 8; this bronze cast in 1970,"
    The artist's estate.
    
    Acquired from the above by the present owner in 2007.
   ",https://www.christies.com/img/LotImages/2018/CKS/2018_CKS_15472_0559_000(chana_orloff_danseuse_setirant).jpg?w=400
627,Moïse Kisling,Vase de lys,1891,1953,"GBP 65,000","GBP 40,000 - GBP 60,000",signed 'Kisling' (lower right),oil on canvas,54,73,Painted in 1935,"
    Anonymous sale, Georges Blache, Versailles, 11 June 1974, lot 171.
    
    Anonymous sale, Hôtel Drouot, Paris, 17 June 1989, lot 80.
    
    Anonymous sale, Shinwa, Tokyo, 28 March 2015, lot 161.
    
    Anonymous sale, Matsart, Jerusalem, 10 June 2015, lot 39.
   ",https://www.christies.com/img/LotImages/2018/CKS/2018_CKS_15472_0627_000(moise_kisling_vase_de_lys).jpg?w=400
579,Gustave Cariot,La vallée,1872,1950,"GBP 8,750","GBP 8,000 - GBP 15,000",signed and dated 'G. Cariot 1927' (lower left),oil on canvas,64.2,56,Painted in 1927,"
    Private collection, France.
    
    Acquired from the above by the present owner.
   ",https://www.christies.com/img/LotImages/2018/CKS/2018_CKS_15472_0579_000(gustave_cariot_la_vallee).jpg?w=400
538,Édouard Vuillard,Madame Hessel et Lulu devant la fenêtre de l'hôtel à La Baule,1868,1940,"GBP 28,750","GBP 30,000 - GBP 50,000",signed 'E. Vuillard' (lower right),oil on board,46.2,51.8,Painted in 1931,"
    Jos Hessel, Paris, by 1938.
    
    Private collection.
    
    Anonymous sale, Galerie Charpentier, Paris, 16 June 1959, lot 105.
    
    Private collection, Paris, by whom acquired at the above sale, and thence by descent to the present owner.
   ",https://www.christies.com/img/LotImages/2018/CKS/2018_CKS_15472_0538_000(edouard_vuillard_madame_hessel_et_lulu_devant_la_fenetre_de_lhotel_a_l).jpg?w=400
611,Maurice de Vlaminck,Paysage de neige,1876,1958,"GBP 93,750","GBP 70,000 - GBP 100,000",signed 'Vlaminck' (lower right),oil on canvas,54,65,N.A.,"
    Anonymous sale, Hôtel Drouot, Paris, 15 November 2002, lot 16A.
    
    Acquired at the above sale by the present owner.
   ",https://www.christies.com/img/LotImages/2018/CKS/2018_CKS_15472_0611_000(maurice_de_vlaminck_paysage_de_neige).jpg?w=400
580,Henri Martin,Vue d'une fontaine dans une allée du parc de Versailles,1860,1943,"GBP 21,250","GBP 10,000 - GBP 15,000",signed 'Henri Martin.' (lower left),oil on panel,41,32.3,N.A.,"
    Private collection, France.
   ",https://www.christies.com/img/LotImages/2018/CKS/2018_CKS_15472_0580_000(henri_martin_vue_dune_fontaine_dans_une_allee_du_parc_de_versailles).jpg?w=400
514,Fernand Léger,Le pot de fleur,1881,1955,"GBP 23,750","GBP 12,000 - GBP 18,000","signed, dated and inscribed 'F.LEGER.52 A Raymone A Blaise en souvenir du Gros Tilleul 53 Ami de toujours Fleger' (on the reverse)",ceramic plaque with coloured engobe and glaze,27.7,20.2,Executed in 1952; this work is a unique variant,"
    Raymone & Blaise Cendrars, France, a gift from the artist in 1953.
    
    Albert Mermoud, Lausanne, a gift from the above in 1986, and thence by descent to the present owner.
   ",https://www.christies.com/img/LotImages/2018/CKS/2018_CKS_15472_0514_000(fernand_leger_le_pot_de_fleur).jpg?w=400
451,Herbert Bayer,Segesta,1900,1985,"GBP 12,500","GBP 10,000 - GBP 15,000",signed 'Bayer' (lower right); signed again and dated '24 H. Bayer' (on the reverse),oil on burlap,47,59.5,Painted in 1924,"
    Galeire Orangerie, Vienna.
    
    Private collection, Europe, by whom acquired
    
     circa
    
    1975.
    
    Acquired from the above by the present owner in 1994.
   ",https://www.christies.com/img/LotImages/2018/CKS/2018_CKS_15472_0451_000(herbert_bayer_segesta).jpg?w=400
543,Aristide Maillol,"Femme agenouillée
    
     or
    
    Femme accroupie",1861,1944,"GBP 125,000","GBP 50,000 - GBP 70,000",signed with the monogram and numbered 'M No1/6' (on top of the base); inscribed with the foundry mark 'Rudier. Fondeur Paris' (on the right edge of the base),bronze in two parts with dark brown patina,16.5,23.5,Conceived in 1930 in an edition of six; this example cast within the artist's lifetime,"
    Galerie Dina Vierny, Paris.
    
    Paul & Sophie Sampliner, New York, by whom acquired from the above in June 1954.
    
    Joan S. Ben-Avi, New York, by descent from the above; sold by her estate, Christie's, New York, 7 May 2009, lot 236.
    
    Acquired at the above sale by the present owner.
   ",https://www.christies.com/img/LotImages/2018/CKS/2018_CKS_15472_0543_000(aristide_maillol_femme_agenouillee_or_femme_accroupie).jpg?w=400
406,André Derain,Portrait d'Alice Derain,1880,1954,"GBP 3,000","GBP 2,000 - GBP 3,000",signed 'aDerain' (lower right),pastel on paper,43.5,38.5,Painted   circa  1925,"
    Jonas Netter, by whom acquired directly from the artist, and thence by descent to the present owner.
   ",https://www.christies.com/img/LotImages/2018/CKS/2018_CKS_15472_0406_000(andre_derain_portrait_dalice_derain).jpg?w=400
410,Maurice de Vlaminck,La barque de pêche,1876,1958,"GBP 87,500","GBP 60,000 - GBP 80,000",signed 'Vlaminck' (lower left),oil on canvas,65.3,92,Painted   circa  1925,"
    Dr. A. Roudinesco, Paris, by whom acquired from the artist; his sale, Sotheby's, New York, 10 October 1968, lot 49.
    
    Acquired at the above sale; sale, Sotheby's, New York, 26 February 1990, lot 123.
    
    Private collection, Japan.
   ",https://www.christies.com/img/LotImages/2018/CKS/2018_CKS_15472_0410_000(maurice_de_vlaminck_la_barque_de_peche).jpg?w=400
502,Joaquín Torres-García,Composición constructiva,1874,1949,"GBP 187,500","GBP 150,000 - GBP 250,000",signed with initials 'JTG' (upper left),oil on cardboard,32.5,20.5,Painted   circa  1937,"
    Private collection, Buenos Aires.
    
    Galería Jorge Mara, Madrid.
    
    Acquired from the above by the present owner,
    
     circa
    
    1995.
   ",https://www.christies.com/img/LotImages/2018/CKS/2018_CKS_15472_0502_000(joaquin_torres-garcia_composicion_constructiva).jpg?w=400
447,Henri Hayden,Nature morte au journal,1883,1970,"GBP 392,750","GBP 150,000 - GBP 250,000",signed 'Hayden' (lower right); signed and dated 'Hayden X-1918 (on the reverse),oil on canvas,81.5,60.2,Painted in October 1918,"
    Michel Couturier, Paris.
    
    Galerie Melki, Paris.
    
    Anonymous sale, Sotheby's, London, 7 April 1976, lot 52.
    
    Waddington Galleries, London.
    
    Norton Simon Foundation, Pasadena, by whom acquired from the above 14 May 1976; sale, Sotheby's, New York, 1 November 1978, lot 45A.
    
    Galerie Daniel Malingue, Paris.
    
    Acquired from the above by the present owner in 1980.
   ",https://www.christies.com/img/LotImages/2018/CKS/2018_CKS_15472_0447_000(henri_hayden_nature_morte_au_journal).jpg?w=400
509,Diego Giacometti,Table grecque rectangulaire,1902,1985,"GBP 248,750","GBP 200,000 - GBP 300,000",N.A.,stamped with the signature 'Diego' (on each crossbar),44.5,118.6,N.A.,"
    Private collection, Paris, by whom acquired from the artist.
    
    Galerie Camoin-Antiquité, Paris.
    
    Private collection, England, by whom acquired from the above in 1993.
   ",https://www.christies.com/img/LotImages/2018/CKS/2018_CKS_15472_0509_000(diego_giacometti_table_grecque_rectangulaire).jpg?w=400
620,Gino Severini,La fileuse,1883,1966,"GBP 25,000","GBP 25,000 - GBP 35,000",signed and dated 'G.Severini MCMVIII' (lower right),oil on canvas,73.2,56.7,"Painted in 1908, probably in Civray, Poitou","
    Anonymous sale, Sotheby's, London, 25 October 1989, lot 37.
    
    Acquired at the above sale by the present owner.
   ",https://www.christies.com/img/LotImages/2018/CKS/2018_CKS_15472_0620_000(gino_severini_la_fileuse).jpg?w=400
421,Raoul Dufy,Les pêcheurs,1877,1953,"GBP 162,500","GBP 80,000 - GBP 120,000",signed 'R Dufy' (lower right and lower left),oil on canvas,45.9,55.1,Painted   circa  1905,"
    Private collection, France, by 1984, and thence by descent to the present owner.
   ",https://www.christies.com/img/LotImages/2018/CKS/2018_CKS_15472_0421_000(raoul_dufy_les_pecheurs).jpg?w=400
564,Gino Severini,"Nature morte, ""Haf ...""",1883,1966,"GBP 47,500","GBP 40,000 - GBP 60,000",signed 'G. Severini' (lower right),oil on canvas,38,46,Painted in 1945-1946,"
    Kennedy collection, Milan, acquired from the artist.
    
    Anonymous sale, Sotheby's, New York, 2 May 1956, lot 69.
    
    Acquired at the above sale, and thence by descent; sale, Sotheby's, New York, 11 November 1999, lot 411.
    
    Acquired at the above sale by the present owner.
   ",https://www.christies.com/img/LotImages/2018/CKS/2018_CKS_15472_0564_000(gino_severini_nature_morte_haf).jpg?w=400
476,Mino Rosso,Pugile,1904,1963,"GBP 5,250","GBP 2,500 - GBP 3,500",N.A.,stamped 'MINO ROSSO 1930 6/6' (on the left side); stamped with the foundry mark 'Avenati Fonditore Torino-Italia' (on the back of the leg),an,of,N.A.,"
    Anonymous sale, Finarte, Milan, 22 June 2000, lot 381.
    
    Acquired at the above sale by the present owner.
   ",https://www.christies.com/img/LotImages/2018/CKS/2018_CKS_15472_0476_000(mino_rosso_pugile).jpg?w=400
499,Baltasar Lobo,Face au vent bras levé,1910,1993,"GBP 40,000","GBP 15,000 - GBP 25,000","signed, numbered and inscribed with foundry mark 'Lobo EA 1/4 Susse Frères Paris' (at the base)",bronze with light brown patina,28,N.A.,"Conceived in 1977 and cast in an edition of eight, plus four artist's proofs; this example cast in 1991","
    Galerie Daniel Malingue, Paris, by whom acquired directly from the artist in 1991.
    
    Private collection, Switzerland.
   ",https://www.christies.com/img/LotImages/2018/CKS/2018_CKS_15472_0499_000(baltasar_lobo_face_au_vent_bras_leve).jpg?w=400
533,Auguste Rodin,"Minotaure, version aux cornes courtes",1840,1917,"GBP 106,250","GBP 70,000 - GBP 100,000",signed and inscribed 'A Ben(jamin) Constant Rodin' (on the lower right side),painted plaster,33.3,N.A.,"Conceived   circa  1885, this version executed   circa  1886","
    Benjamin Constant, Paris, by whom acquired from the artist.
    
    William Welles Bosworth, France,
    
     circa
    
    1925-1930, and thence by descent to the present owner in 1974.
   ",https://www.christies.com/img/LotImages/2018/CKS/2018_CKS_15472_0533_000(auguste_rodin_minotaure_version_aux_cornes_courtes).jpg?w=400
460,André Masson,Ombres d'oiseaux,1896,1987,"GBP 23,750","GBP 18,000 - GBP 25,000",signed 'andré masson' (lower right),tempera and sand on paper laid down on canvas,63,80,Painted in 1962,"
    Galerie Louise Leiris, Paris (no. 14776-57673), by 1952.
    
    Acquired by the present owner in 2011.
   ",https://www.christies.com/img/LotImages/2018/CKS/2018_CKS_15472_0460_000(andre_masson_ombres_doiseaux).jpg?w=400
437,Achille Laugé,Paysage d'été,1861,1944,"GBP 62,500","GBP 50,000 - GBP 70,000",signed and dated 'A. Lauge 1902' (lower left),oil on canvas,89,60,Painted in 1902,"
    The artist's estate.
    
    Anonymous sale, Hôtel Drouot, Neuilly-sur-Seine, 26 June 2006, lot 120.
    
    Private collection, Europe.
    
    Acquired from the above by the present owner.
   ",https://www.christies.com/img/LotImages/2018/CKS/2018_CKS_15472_0437_000(achille_lauge_paysage_dete).jpg?w=400
572,Robert Marc,Composition SO 86,1943,1999,"GBP 10,000","GBP 8,000 - GBP 12,000",signed 'ROBERT MARC' (lower centre),oil on canvas,99.5,80.5,Painted in 1989,"
    The artist's estate.
    
    Forum Gallery, New York.
    
    Barry Friedman Ltd., New York.
    
    Galerie du Ressort, Paris, 1996.
    
    Acquired by the present owner, by 2011.
   ",https://www.christies.com/img/LotImages/2018/CKS/2018_CKS_15472_0572_000(robert_marc_composition_so_86).jpg?w=400
505,Pablo Picasso,"Vase à huit pieds, Taureau",1889,1973,"GBP 464,750","GBP 400,000 - GBP 600,000",N.A.,dated '29.7.52.' and stamped 'd'Après Picasso Madoura Plein Feu' (inside the rim); numbered '2.63' (underneath),37.5,53,Executed on 29 July 1952; this work is unique,"
    Francisco (Baby) Matarazzo Pignatari, Brazil, by whom acquired directly from the artist, and thence by descent.
   ",https://www.christies.com/img/LotImages/2018/CKS/2018_CKS_15472_0505_000(pablo_picasso_gros_vase_aux_huit_pieds_taureau).jpg?w=400
440,Louis Valtat,Fleurs dans un vase,1869,1952,"GBP 30,000","GBP 20,000 - GBP 30,000",signed 'L. Valtat' (lower right),oil on canvas,65.3,50.2,Painted in   1933,"
    Private collection, France, by the 1960s.
    
    Acquired from the above by the present owner.
   ",https://www.christies.com/img/LotImages/2018/CKS/2018_CKS_15472_0440_000(louis_valtat_fleurs_dans_un_vase).jpg?w=400
552,Tamara De Lempicka,"Portrait d'une jeune fille rousse
    
     (recto
    
    ); Étude abstraite (
    
     verso
    
    )",1898,1980,"GBP 87,500","GBP 50,000 - GBP 70,000",signed 'T.DE.LEMPICKA' (lower right); signed indistinctly 'Tamara de Lempicka' (on the reverse),oil on board,27,22,Painted   circa  1939,"
    Ira Perrot, France, and thence by descent.
    
    Alain Blondel, Paris, by whom acquired from the above.
    
    Private collection, New York, by whom acquired from the above.
   ",https://www.christies.com/img/LotImages/2018/CKS/2018_CKS_15472_0552_000(tamara_de_lempicka_portrait_dune_jeune_fille_rousse_etude_abstraite).jpg?w=400
417,Pierre-Auguste Renoir,Nature morte aux deux pommes,1841,1919,"GBP 62,500","GBP 40,000 - GBP 60,000",signed 'Renoir' (lower left),oil on canvas,13.7,17.8,Painted   circa  1903-1905,"
    Ambroise Vollard, Paris.
    
    Christian de Galéa, Paris.
    
    Sir Arnold Silverston, London, and thence by descent; sale, Sotheby's, London, 3 July 1973, lot 32.
    
    Anonymous sale, Sotheby's, New York, 30 June 1983, lot 318.
    
    Acquired at the above sale; sale, Sotheby's, London, 25 October 1995, lot 17.
    
    Acquired at the above sale by the present owner.
   ",https://www.christies.com/img/LotImages/2018/CKS/2018_CKS_15472_0417_000(pierre-auguste_renoir_nature_morte_aux_deux_pommes).jpg?w=400
401,Suzanne Valadon,Nu assis sur un canapé,1865,1938,"GBP 75,000","GBP 25,000 - GBP 35,000",signed and dated 'Suzanne Valadon 1916' (lower right),oil on canvas,81.4,60.4,Painted in 1916,"
    Jonas Netter, Paris, and thence by descent to the present owner.
   ",https://www.christies.com/img/LotImages/2018/CKS/2018_CKS_15472_0401_000(suzanne_valadon_nu_assis_sur_un_canape).jpg?w=400
456,Félix Labisse,Le baptême de l'air,1905,1982,"GBP 31,250","GBP 10,000 - GBP 15,000",signed 'LABISSE.' (lower left),oil on canvas,60,73,Painted in 1942,"
    Henri Storck, Brussels.
    
    André Janssen, Antwerp, at least until 1972.
    
    Carlo De Poortere, Belgium.
    
    Anonymous sale, Christie's, Amsterdam, 5 June 1996, lot 178.
    
    Private collection, The Netherlands, by whom acquired at the above sale.
   ",https://www.christies.com/img/LotImages/2018/CKS/2018_CKS_15472_0456_000(felix_labisse_le_bapteme_de_lair).jpg?w=400
568,Bernard Buffet,Pavots rouges,1928,1999,"GBP 93,750","GBP 50,000 - GBP 70,000",signed and dated 'Bernard Buffet 64' (lower left),oil on canvas,64.8,46,Painted in 1964,"
    Galerie David et Garnier, Paris.
    
    The Lefevre Gallery (Alex. Reid & Lefevre, Ltd.), London (no. 7655).
    
    Private collection, United Kingdom, by whom acquired from the above in the late 1960s, and thence by descent to the present owner.
   ",https://www.christies.com/img/LotImages/2018/CKS/2018_CKS_15472_0568_000(bernard_buffet_pavots_rouges).jpg?w=400
616,Jules Pascin,Femme sur un fauteuil (Geneviève),1885,1930,"GBP 22,500","GBP 20,000 - GBP 30,000",signed 'Pascin' (lower right),oil on canvas,72,59.5,Painted in 1923,"
    Lucy Krogh, Paris.
    
    Anonymous sale, Hôtel Drouot, Paris, 17 November 1994, lot 344.
    
    Acquired at the above sale by the present owner.
   ",https://www.christies.com/img/LotImages/2018/CKS/2018_CKS_15472_0616_000(jules_pascin_femme_sur_un_fauteuil).jpg?w=400
600,Eugène Boudin,Trouville. Les jetées,1824,1898,"GBP 37,500","GBP 18,000 - GBP 25,000",signed and dated 'E. Boudin 82' (lower left),oil on panel,21.3,27.3,Painted in 1882,"
    Paul Detrimont, Paris, by whom acquired directly from the artist in February 1883.
    
    E. Adam, Paris; his sale, Hôtel Drouot, Paris, 16 May 1900, lot 14.
    
    Galeries Durand-Ruel, Paris (no. 5885), by whom acquired at the above sale.
    
    Alex Reid, Glasgow, by whom acquired from the above on 13 November 1919.
    
    J. Leger & Son, London, by 1944.
    
    E. W. Bovill, by whom acquired from the above, and thence by descent; sale, Sotheby's, London, 25 June 2009, lot 227.
    
    Acquired at the above sale by the present owner.
   ",https://www.christies.com/img/LotImages/2018/CKS/2018_CKS_15472_0600_000(eugene_boudin_trouville_les_jetees).jpg?w=400
529,Émile-Antoine Bourdelle,"Pénélope, grand modèle avec pied et sans fuseau",1861,1929,"GBP 143,750","GBP 100,000 - GBP 150,000","signed and dated 'EMILE ANTOINE BOURDELLE 1912', numbered and inscribed with foundry mark 'SUSSE. FONDEUR. PARIS. E.A.2'",bronze with green patina,240,N.A.,"Conceived in 1907; this, the ultimate and largest version conceived in 1912 and cast in 1987 in an edition of eight, plus four artist's proofs","
    Contemporary Sculpture Center, Tokyo.
    
    Private collection, Japan, May 1988.
    
    Acquired from the above by the present owner in 2007.
   ",https://www.christies.com/img/LotImages/2018/CKS/2018_CKS_15472_0529_000(emile-antoine_bourdelle_penelope_grand_modele_avec_pied_et_sans_fuseau).jpg?w=400
591,Moïse Kisling,Port de carénage de Marseille,1891,1953,"GBP 58,750","GBP 30,000 - GBP 50,000","signed, inscribed and dated 'Kisling Paris 1950' (lower left)",oil on canvas,38.2,55.3,Painted in 1950,"
    Collection Cordesse, Marseille.
    
    Anonymous sale, Sotheby's, London, 28 June 1995, lot 271.
    
    Acquired at the above sale by the present owner.
   ",https://www.christies.com/img/LotImages/2018/CKS/2018_CKS_15472_0591_000(moise_kisling_port_de_carenage_de_marseille).jpg?w=400
590,Maurice de Vlaminck,Rue de Village,1876,1958,"GBP 30,000","GBP 20,000 - GBP 30,000",signed 'Vlaminck' (lower right),oil on canvas,24,33,Painted   circa  1932,"
    Collection J.C. Binoche, Paris.
    
    Kunsthandel Frans Jacobs, Amsterdam.
    
    Private collection, Netherlands; sale, Sotheby's, New York, 8 November 2007, lot 474.
    
    Acquired at the above sale by the present owner.
   ",https://www.christies.com/img/LotImages/2018/CKS/2018_CKS_15472_0590_000(maurice_de_vlaminck_rue_de_village).jpg?w=400
482,Georges Rouault,Christ de profil,1871,1958,"GBP 35,000","GBP 20,000 - GBP 30,000",signed with the initials 'GR.' (lower right),oil and India ink on board,34.5,28.5,Painted in 1935-1936,"
    Private collection.
    
    Triton Collection Foundation, Netherlands, by whom acquired in 2003.
   ",https://www.christies.com/img/LotImages/2018/CKS/2018_CKS_15472_0482_000(georges_rouault_christ_de_profil).jpg?w=400
601,Eugène Boudin,Trouville. Les jetées,1824,1898,"GBP 60,000","GBP 30,000 - GBP 50,000",signed and dated 'E. Boudin - 93' (lower left),oil on panel,21.7,27,Painted in 1893,"
    Galerie Moline, Paris.
    
    Mme Soucaret, Paris; sale, Galerie Georges Petit, Paris, 29 May 1903, lot 9.
    
    M Ducrey, Paris, acquired at the above sale.
    
    Boussod-Valadon et Cie, Paris.
    
    André Schoeller, Paris.
    
    MacConnel-Mason & Son Ltd., London.
    
    Acquired from the above by the present owner.
   ",https://www.christies.com/img/LotImages/2018/CKS/2018_CKS_15472_0601_000(eugene_boudin_trouville_les_jetees).jpg?w=400
494,Kees van Dongen,"Rotterdam, le bâteau blanc",1877,1968,"GBP 320,750","GBP 300,000 - GBP 500,000",signed 'van Dongen.' (lower right),oil on canvas,81.4,100,Painted   circa  1907,"
    Theo Moussault, Amsterdam, by whom acquired directly from the artist, and thence by descent; sale, Sotheby's, New York, 10 November 2000, lot 210.
    
    Acquired at the above sale by the present owner.
   ",https://www.christies.com/img/LotImages/2018/CKS/2018_CKS_15472_0494_000(kees_van_dongen_rotterdam_le_bateau_blanc).jpg?w=400
617,Moïse Kisling,Pensées dans un vase blanc,1891,1953,"GBP 60,000","GBP 50,000 - GBP 80,000","signed, inscribed and dated 'Kisling Sanary 1948' (upper right)",oil on canvas,55,45.7,Painted in Sanary in 1948,"
    Anonymous sale, Sotheby's, Tel Aviv, 11 April 1996, lot 50.
    
    Acquired at the above sale by the present owner.
   ",https://www.christies.com/img/LotImages/2018/CKS/2018_CKS_15472_0617_000(moise_kisling_pensees_dans_un_vase_blanc).jpg?w=400
586,Maurice de Vlaminck,La ferme,1876,1958,"GBP 47,500","GBP 40,000 - GBP 60,000",signed 'Vlaminck' (lower left),oil on canvas,54,65,N.A.,"
    Galerie de l’Art moderne, Paris.
    
    Sale Galerie Fischer, Lucerne, 12-13 June 1970, lot 295.
    
    Galerie Semiha Huber, Zurich, 1971.
    
    Anonymous sale, Sotheby’s New York, 11 May 1988, lot 362.
    
    Private collection, Japan.
   ",https://www.christies.com/img/LotImages/2018/CKS/2018_CKS_15472_0586_000(maurice_de_vlaminck_la_ferme).jpg?w=400
569,Bernard Buffet,La falaise,1928,1999,"GBP 68,750","GBP 40,000 - GBP 60,000",signed and dated 'Bernard Buffet 63' (upper right),oil on canvas,97.5,130.5,Painted in 1963,"
    Galerie David et Garnier, Paris.
    
    Private collection, Netherlands, by whom acquired from the above.
   ",https://www.christies.com/img/LotImages/2018/CKS/2018_CKS_15472_0569_000(bernard_buffet_la_falaise).jpg?w=400
512,Pablo Picasso,Buste d'homme,1881,1973,"GBP 50,000","GBP 35,000 - GBP 45,000",dated '10 3.57' (centre right); signed 'Picasso' (on the reverse),"white earthenware tile with coloured crayon, white glaze and black oxide",20.3,20.3,Executed on 10 March 1957; this work is unique,"
    Galerie Louise Leiris, Paris.
    
    Michael M. Levy Fine Arts, New York.
    
    Acquired from the above in 1972; sale, Doyle, New York, 18 October 2016, lot 160.
    
    Acquired at the above sale by the present owner.
   ",https://www.christies.com/img/LotImages/2018/CKS/2018_CKS_15472_0512_000(pablo_picasso_buste_dhomme).jpg?w=400
457,Félix Labisse,Idylle masquée,1905,1982,"GBP 37,500","GBP 10,000 - GBP 15,000",signed 'LABISSE.' (lower left),oil on canvas,60,73,Painted in 1930,"
    Armand Bette, Ostende.
    
    Private collection, Belgium.
    
    Anonymous sale, Campo & Campo, Antwerp, 17 October 1995, lot 253.
    
    Private collection, The Netherlands, by whom acquired at the above sale.
   ",https://www.christies.com/img/LotImages/2018/CKS/2018_CKS_15472_0457_000(felix_labisse_idylle_masquee).jpg?w=400
545,Édouard Vuillard,"Moulin à Saint-Jacut
    
     or
    
    Les Villas",1868,1940,"GBP 60,000","GBP 60,000 - GBP 80,000",signed 'E Vuillard' (lower right),peinture    à    la colle  on paper laid down on canvas,85,106.4,Painted in 1909 and reworked in 1924,"
    Galerie Bernheim-Jeune, Paris (no. 17676), by whom acquired from the artist on 9 October 1909 .
    
    Henri Bernstein, Paris, by whom acquired from the above on 3 November 1909.
    
    Georges Bernheim, Paris.
    
    E.R. Workman, London.
    
    Alex Reid, Glasgow, by whom acquired on 16 October 1926.
    
    Galerie Gérard Frères, Paris, by whom acquired on 7 March 1927.
    
    Georges Renand, Paris; his sale, Hôtel Drouot, Paris, 15 March 1988, lot 54.
    
    Private collection, Paris, by whom acquired from the above, and thence by descent to the present owner.
   ",https://www.christies.com/img/LotImages/2018/CKS/2018_CKS_15472_0545_000(edouard_vuillard_moulin_a_saint-jacut_or_les_villas).jpg?w=400
553,André Derain,Portrait de femme,1880,1954,"GBP 15,000","GBP 20,000 - GBP 30,000",N.A.,with the atelier André Derain stamp (on the reverse),40.8,32.8,Painted   circa  1950,"
    Private collection, Japan, by the 1990s.
   ",https://www.christies.com/img/LotImages/2018/CKS/2018_CKS_15472_0553_000(andre_derain_portrait_de_femme).jpg?w=400
416,Louis Gaidan,Mas en Provence,1847,1925,"GBP 40,000","GBP 20,000 - GBP 30,000",signed 'L. Gaidan' (lower right),oil on canvas,x,cm.,N.A.,"
    Anonymous sale, Hôtel Drouot, Paris, 27 June 1997, lot 20.
    
    Anonymous sale, Sotheby's, London, 22 October 1997, lot 213.
    
    Acquired at the above sale, and thence by descent to the present owner.
   ",https://www.christies.com/img/LotImages/2018/CKS/2018_CKS_15472_0416_000(louis_gaidan_mas_en_provence).jpg?w=400
504,Pablo Picasso,Grand vase aux femmes voilées (AR 116),1881,1973,"GBP 488,750","GBP 350,000 - GBP 550,000",N.A.,"stamped, marked and numbered 'MADOURA PLEIN FEU EMPREINTE ORIGINALE DE PICASSO 2' (inside the rim)",66,N.A.,Conceived in 1950 and executed by 1954 in a numbered edition of 25,"
    Private collection, USA, by whom acquired in Vallauris in April 1954.
    
    Anonymous sale, Sotheby's, New York, 2 November 2001, lot 434.
    
    Anonymous sale, Sotheby's, New York, 27 April 2017, lot 4.
    
    Acquired at the above sale by the present owner.
   ",https://www.christies.com/img/LotImages/2018/CKS/2018_CKS_15472_0504_000(pablo_picasso_grand_vase_aux_femmes_voilees).jpg?w=400
441,Léon de Smet,Piccadilly Circus,1881,1966,"GBP 37,500","GBP 40,000 - GBP 60,000","signed and dated 'L <span style=""font-size:9"">  ÉON  D <span style=""font-size:9"">  E  S <span style=""font-size:9"">  MET  1918' (lower right)",oil on burlap,71,102.3,Painted in 1918,"
    Private collection, Norway, by whom acquired directly from the artist, and thence by descent to the present owner in 2003.
   ",https://www.christies.com/img/LotImages/2018/CKS/2018_CKS_15472_0441_000(leon_de_smet_piccadilly_circus).jpg?w=400
436,Henry Moret,"Les dunes d'Argenton, Finistère",1856,1913,"GBP 56,250","GBP 45,000 - GBP 65,000",signed and dated 'Henry Moret 1910' (lower left),oil on canvas,46.5,61,Painted   circa  1910-1911,"
    Galerie Durand-Ruel, Paris
    
    Kunsthaus Bühler, Stuttgart, probably acquired in the 1960s.
    
    Private collection, Stuttgart, by whom acquired from the above, and thence by descent to the present owner.
   ",https://www.christies.com/img/LotImages/2018/CKS/2018_CKS_15472_0436_000(henry_moret_les_dunes_dargenton_finistere).jpg?w=400
573,André Brasilier,La colline blanche,1929,N.A.,"GBP 100,000","GBP 50,000 - GBP 80,000","signed 'André Brasilier.' (lower right); signed, dated and inscribed 'La Colline blanche. André Brasilier. 2016.' (on the stretcher)",oil on canvas,97.4,146,Painted in 2016,"
    Opera Gallery, Dubai.
    
    Acquired from the above by the present owner.
   ",https://www.christies.com/img/LotImages/2018/CKS/2018_CKS_15472_0573_000(andre_brasilier_la_colline_blanche).jpg?w=400
524,Gabriele Münter,"Frülingsstudie mit Kirche, Murnau",1877,1962,"GBP 168,750","GBP 150,000 - GBP 250,000","signed and dated 'Münter.19.V.24.’ (lower right); signed, dated and inscribed 'G.Münter Frühlingsstudie mit Kirche 1924’ and with the   Nachlass  Stamp (on the reverse)",oil on board,32.8,45,Painted on 19 May 1924,"
    The artist's estate (L 116).
    
    Leonard Hutton Galleries, New York.
    
    Private collection, Chicago.
    
    Anonymous sale, Hauswedell & Nolte, Hamburg, 14-16 June 1973, lot 1421.
    
    Anonymous sale, Villa Grisebach, Berlin, 3 June 1988, lot 144.
    
    Acquired at the above sale by the present owner.
   ",https://www.christies.com/img/LotImages/2018/CKS/2018_CKS_15472_0524_000(gabriele_munter_frulingsstudie_mit_kirche_murnau).jpg?w=400
498,Baltasar Lobo,Élan moyen,1910,1993,"GBP 50,000","GBP 40,000 - GBP 60,000",signed and numbered 'Lobo EA. 4/4' (on top of the base) and inscribed with foundry mark 'Susse Fondeur Paris' (on the edge of the base),bronze with reddish brown patina,74,N.A.,"Conceived in 1977 and cast in an edition of eight, plus four artist's proofs; this example cast in 1990","
    Galerie Daniel Malingue, Paris, by whom acquired directly from the artist in 1990.
    
    Private collection, Switzerland.
   ",https://www.christies.com/img/LotImages/2018/CKS/2018_CKS_15472_0498_000(baltasar_lobo_elan_moyen).jpg?w=400
532,Auguste Rodin,Etude de main dite no. 17,1840,1917,"GBP 10,000","GBP 8,000 - GBP 12,000",signed 'A.Rodin' and inscribed with the foundry mark 'G.Rudier. .Fond.Paris.' (on the lower edge),bronze with brown and green patina,7,N.A.,Conceived   circa  1900-1910; this cast executed in 1965,"
    Musée Rodin, Paris.
    
    Dominion Gallery, Montreal, acquired from the above in July 1966.
    
    Mr. & Mrs. Alvin J. Curkin, New Jersey, by whom acquired from the above in July 1967, and thence by descent.
    
    Acquired from the above by the present owner.
   ",https://www.christies.com/img/LotImages/2018/CKS/2018_CKS_15472_0532_000(auguste_rodin_etude_de_main_dite_no_17).jpg?w=400
420,Henri Manguin,Esquisse pour le paysage de rêve à Colombier,1874,1949,"GBP 150,000","GBP 80,000 - GBP 120,000",N.A.,stamped with signature 'Manguin' (lower left),65.5,81,Painted in summer 1917,"
    Mme Henri Manguin, Saint-Tropez, 1949.
    
    Private collection, France.
    
    Anonymous sale, Christie's, London, 4 December 1984, lot 446.
    
    Acquired at the above sale by present owner.
   ",https://www.christies.com/img/LotImages/2018/CKS/2018_CKS_15472_0420_000(henri_manguin_esquisse_pour_le_paysage_de_reve_a_colombier).jpg?w=400
565,Carlos Nadal,Puerto Barcelona,1917,1998,"GBP 27,500","GBP 25,000 - GBP 35,000","signed and dated 'cNadal 76' (lower right); signed, dated and inscribed 'Puerto Barcelona cNadal 76' (on the reverse)",oil on canvas,73,91.8,Painted in 1976,"
    Sala Parés, Barcelona, by 1989.
    
    Mistral Galleries, London (no. CN1X).
    
    Private collection, United Kingdom, by whom acquired from the above.
   ",https://www.christies.com/img/LotImages/2018/CKS/2018_CKS_15472_0565_000(carlos_nadal_puerto_barcelona).jpg?w=400
508,Ossip Zadkine,Jeune fille à la colombe,1890,1967,"GBP 416,750","GBP 200,000 - GBP 300,000",signed and inscribed 'Zadkine Jeune fille à l'oiseau (plâtre)' (on a label inside),gilt and painted plaster,80,N.A.,Conceived   circa  1928 and executed before 1933; this work is unique,"
    Mme La Fleur, Paris, by whom acquired from the artist in January 1936.
    
    Félix Marcilhac, Paris, by whom acquired from the above in the early 1970s; his sale, Sotheby's, Paris, 12 March 2014, lot 47.
    
    Acquired at the above sale by the present owner.
   ",https://www.christies.com/img/LotImages/2018/CKS/2018_CKS_15472_0508_000(ossip_zadkine_jeune_fille_a_la_colombe).jpg?w=400
570,André Brasilier,Les cavaliers de l'hiver,1929,N.A.,"GBP 56,250","GBP 50,000 - GBP 70,000","signed 'André Brasilier' (lower right); signed, dated and inscribed 'Les cavaliers de l'hiver André Brasilier . 2014' (on the reverse)",oil on canvas,73,92,Painted in 2014,"
    Opera Gallery, Dubai.
    
    Acquired from the above by the present owner.
   ",https://www.christies.com/img/LotImages/2018/CKS/2018_CKS_15472_0570_000(andre_brasilier_les_cavaliers_de_lhiver).jpg?w=400
435,Eugène Boudin,Deauville. Scène de plage,1824,1898,"GBP 344,750","GBP 280,000 - GBP 380,000",signed and inscribed 'E. Boudin Au Docteur Horteloup' (lower left) and indistinctly dated and inscribed '... de Deauville '87' (lower right),oil on panel,19,32.3,Painted in 1887,"
    Dr. Horteloup, Paris.
    
    Galerie Pétridès, Paris.
    
    The Lefevre Gallery, London (no. 96/55).
    
    Mrs. Herbert Wilcox, by whom acquired from the above.
    
    Private collection, United Kingdom; sale, Christie's, London, 28 June 1982, lot 3.
    
    Richard Green Gallery, London.
    
    Private collection, France.
    
    Acquired from the above by the present owner.
   ",https://www.christies.com/img/LotImages/2018/CKS/2018_CKS_15472_0435_000(eugene_boudin_deauville_scene_de_plage).jpg?w=400
462,Max Ernst,"Gracieux et subtil
    
     or
    
    Eclosion",1891,1976,"GBP 125,000","GBP 100,000 - GBP 150,000",signed 'max ernst' (lower right); signed and inscribed ‘max Ernst gracieux et subtil’ (on the reverse),oil on canvas,25.6,30.7,Painted in 1957,"
    Galerie Alexandre Iolas, Geneva.
    
    Private collection, Switzerland.
    
    Nikki Iolas-Stifel, Athens, by 1958.
    
    Private Collection, by whom acquired from the above in 1963.
    
    Private collection, acquired in 1993; sale, Sotheby's, New York, 2 November 2011, lot 28.
    
    Acquired at the above sale by the present owner.
   ",https://www.christies.com/img/LotImages/2018/CKS/2018_CKS_15472_0462_000(max_ernst_gracieux_et_subtil_or_eclosion).jpg?w=400
618,Gino Severini,Pesci e vasi (Natura morta con il rosmarino),1883,1966,"GBP 50,000","GBP 25,000 - GBP 35,000",signed 'G.Severini' (lower centre),oil on canvas,61,50,Painted   circa  1936,"
    Collection Angehrn, Rome, by May 1961, and thence by descent to the present owner.
   ",https://www.christies.com/img/LotImages/2018/CKS/2018_CKS_15472_0618_000(gino_severini_pesci_e_vasi).jpg?w=400
531,Paul Sérusier,Bretons dans la lande,1863,1927,"GBP 112,500","GBP 70,000 - GBP 100,000",signed with the artist's initials 'PS' (lower right),oil on canvas,57.5,91,N.A.,"
    Paul Vallotton, Geneva, 1919.
    
    Henriette Boutaric, Châteauneuf-du-Faou; her sale, Ader Picard Tajan, Paris, 19 June 1984, lot 194.
    
    Private collection, Paris, by whom acquired at the above sale, and thence by descent to the present owner.
   ",https://www.christies.com/img/LotImages/2018/CKS/2018_CKS_15472_0531_000(paul_serusier_bretons_dans_la_lande).jpg?w=400
566,Carlos Nadal,Basilique de St. Marc,1917,1998,"GBP 56,250","GBP 40,000 - GBP 60,000","signed 'cNadal' (lower left); signed, dated, inscribed and with the atelier stamp 'BASILIQUE DE ST.MARC cNadal 84' (on the reverse)",oil on canvas,65,81,Painted in 1984,"
    Acquired directly from the artist by the present owner.
   ",https://www.christies.com/img/LotImages/2018/CKS/2018_CKS_15472_0566_000(carlos_nadal_basilique_de_st_marc).jpg?w=400
589,Jean-François Raffaëlli,La Place Monge à Paris,1850,1924,"GBP 30,000","GBP 20,000 - GBP 30,000",signed 'J.F.RAFFAËLLI' (lower right),oil on canvas,45.8,65,N.A.,"
    Private collection, France.
    
    Acquired from the above by the present owner.
   ",https://www.christies.com/img/LotImages/2018/CKS/2018_CKS_15472_0589_000(jean-francois_raffaelli_la_place_monge_a_paris).jpg?w=400
458,Henri Goetz,Composition,1909,1989,"GBP 10,625","GBP 10,000 - GBP 15,000",signed and dated 'Goetz '44' (lower right),oil on canvas,30,59.8,Painted in 1944,"
    Etienne Pépin collection; sale, Hôtel Drouot, 27 May 2008, lot 79.
    
    Anonymous sale, Hôtel des ventes d'Enghien-les-bains, 16 February 2014, lot 46.
    
    Acquired at the above sale by the present owner.
   ",https://www.christies.com/img/LotImages/2018/CKS/2018_CKS_15472_0458_000(henri_goetz_composition).jpg?w=400
419,Armand Guillaumin,L'Île Besse à Agay,1841,1927,"GBP 100,000","GBP 40,000 - GBP 60,000",signed 'Guillaumin' (lower left); inscribed 'Agay Mai 1901 Île Besse le Soir' (on the reverse),oil on canvas,73.5,92.3,Painted   circa  1900,"
    Galerie Bernheim-Jeune, Paris (no. 20654).
    
    L. Clerc, Paris, by 1924.
    
    Mildred & Himan Brown, California; sale, Christie's, New York, 4 November 2010, lot 309.
    
    Acquired at the above sale by the present owner.
   ",https://www.christies.com/img/LotImages/2018/CKS/2018_CKS_15472_0419_000(armand_guillaumin_lile_besse_a_agay).jpg?w=400
622,Giacomo Manzù,Striptease,1908,1991,"GBP 32,500","GBP 20,000 - GBP 30,000",N.A.,stamped with signature and foundry mark 'Manzù NFMM' (on the right of the base),56.5,N.A.,Executed in 1965; this work is unique,"
    Anonymous sale, Sotheby's, London, 28 June 1995, lot 201.
    
    Acquired at the above sale by the present owner.
   ",https://www.christies.com/img/LotImages/2018/CKS/2018_CKS_15472_0622_000(giacomo_manz_striptease).jpg?w=400
593,Henri Lebasque,Nu assis otant sa chemise,1865,1937,"GBP 45,000","GBP 30,000 - GBP 50,000",signed 'Lebasque' (lower right),oil on canvas,46,38,N.A.,"
    Private collection, by whom acquired from the artist, and thence by descent; sale, Sotheby's, London, 29 June 1988, lot 185.
    
    Acquired at the above sale by the present owner.
   ",https://www.christies.com/img/LotImages/2018/CKS/2018_CKS_15472_0593_000(henri_lebasque_nu_assis_otant_sa_chemise).jpg?w=400
481,Giorgio de Chirico,Cavallo fuggente,1888,1978,"GBP 56,250","GBP 30,000 - GBP 50,000",signed 'g.de.chirico' (lower left),oil on canvas,30.2,40,Painted   circa  1955,"
    The Morris & Gwendolyn Cafritz Foundation, Washington D.C.; sale, Christie's, New York, 8 May 2002, lot 320.
    
    Private collection, Switzerland, by whom acquired at the above sale, and thence by descent; sale, Sotheby's, London, 4 February 2010, lot 191.
    
    Acquired at the above sale by the present owner.
   ",https://www.christies.com/img/LotImages/2018/CKS/2018_CKS_15472_0481_000(giorgio_de_chirico_cavallo_fuggente).jpg?w=400
602,Albert Lebourg,Le Port du Louvre et la Seine devant l'Institut,1849,1928,"GBP 11,875","GBP 6,000 - GBP 8,000",signed 'a.Lebourg' (lower left),oil on canvas,40.4,65,N.A.,"
    Galerie Romanet, Paris.
   ",https://www.christies.com/img/LotImages/2018/CKS/2018_CKS_15472_0602_000(albert_lebourg_le_port_du_louvre_et_la_seine_devant_linstitut).jpg?w=400
497,Baltasar Lobo,Torse au soleil,1910,1993,"GBP 45,000","GBP 25,000 - GBP 35,000","signed, numbered and inscribed with foundry mark 'Lobo 8/8 Susse Fondeur Paris' (on the lower reverse edge)",bronze with brown patina,69,80,"Conceived in 1973 and cast in an edition of eight, plus four artist's proofs; this example cast in 1989","
    Galerie Daniel Malingue, Paris, by whom acquired directly from the artist in 1989.
    
    Private collection, Switzerland.
   ",https://www.christies.com/img/LotImages/2018/CKS/2018_CKS_15472_0497_000(baltasar_lobo_torse_au_soleil).jpg?w=400
478,Marino Marini,Giocoliere,1901,1980,"GBP 77,500","GBP 40,000 - GBP 60,000",signed with raised initials 'MM' (on the top of the left foot); numbered '1/3' (on the left shoulder),bronze with green and brown patina,160,N.A.,Conceived in 1939,"
    Galerie Paul Vallotton, Lausanne.
    
    Werner and Margaret Josten, New York.
    
    By descent from the above to the present owner,
    
     circa
    
    1961.
   ",https://www.christies.com/img/LotImages/2018/CKS/2018_CKS_15472_0478_000(marino_marini_giocoliere).jpg?w=400
614,Henri Lebasque,Vase de fleurs,1865,1937,"GBP 30,000","GBP 30,000 - GBP 50,000",signed and inscribed 'H. Lebasque A. M. Charley' (lower left),oil on canvas,61.3,46,Painted   circa  1910,"
    Galerie Georges Petit, Paris.
    
    Monsieur Charles Viguier, Paris.
    
    Madame Philip, Paris, by descent from the above; sale, Sotheby's, London, 28 June 1989, lot 143.
    
    Aska International, Aoyama Gallery, Tokyo.
    
    Anonymous sale, Sotheby's, London, 29 June 1994, lot 352.
    
    Acquired at the above sale, and thence by descent to the present owner.
   ",https://www.christies.com/img/LotImages/2018/CKS/2018_CKS_15472_0614_000(henri_lebasque_vase_de_fleurs).jpg?w=400
454,Victor Brauner,Victor Victorios eperonné figuré du poisson d'honneur,1903,1966,"GBP 81,250","GBP 30,000 - GBP 50,000","signed and dated ' <span style=""font-size:9"">  VICTOR 13.IV.1949.  ' (lower right) and inscribed ' <span style=""font-size:9"">  VICTOR VICTORIOS EPERONNÉ FIGURÉ DU POISSON D'HONNEUR  ' (lower left)",oil on canvas,46,37.5,Painted on 13 April 1949,"
    Galleria Condotti 75, Rome.
    
    Private collection, Rome, by whom acquired from the above, and thence by descent to the present owners.
   ",https://www.christies.com/img/LotImages/2018/CKS/2018_CKS_15472_0454_000(victor_brauner_victor_victorios_eperonne_figure_du_poisson_dhonneur).jpg?w=400
511,Diego Giacometti,Lampadaire aux trois oiseaux,1902,1985,"GBP 344,750","GBP 200,000 - GBP 300,000",N.A.,stamped with signature and the artist's monogram 'DIEGO DG' (on the underside),146,N.A.,Executed   circa  1975,"
    Serge Matta, New York, by whom commissioned from the artist through the Pierre Matisse Gallery on 6 June 1975.
    
    Private collection, by whom acquired from Serge Matta on 10 June 1982; sale, Doyle, New York, 21 November 2017, lot 242.
    
    Acquired at the above sale by the present owner.
   ",https://www.christies.com/img/LotImages/2018/CKS/2018_CKS_15472_0511_000(diego_giacometti_lampadaire_aux_trois_oiseaux).jpg?w=400
546,Pierre Bonnard,Bord de mer avec paysage,1867,1947,"GBP 100,000","GBP 80,000 - GBP 120,000",N.A.,stamped with signature 'Bonnard' (Lugt 3883; lower left),37,46,Painted   circa  1912,"
    The artist's estate.
    
    Anonymous sale, Hôtel Drouot, Paris, 18 January 1988, lot 3.
    
    Acquired at the above sale by the family of the present owner.
   ",https://www.christies.com/img/LotImages/2018/CKS/2018_CKS_15472_0546_000(pierre_bonnard_bord_de_mer_avec_paysage).jpg?w=400
415,Pierre Bonnard,Petite cuisine,1867,1947,"GBP 125,000","GBP 80,000 - GBP 100,000",signed 'Bonnard' (lower right),oil on canvas,56,38.8,Painted in 1909,"
    Galerie Bernheim-Jeune, Paris (no. 20349).
    
    Private collection, France, by whom acquired from the above in January 1933, and thence by descent to the present owner.
   ",https://www.christies.com/img/LotImages/2018/CKS/2018_CKS_15472_0415_000(pierre_bonnard_petite_cuisine).jpg?w=400
550,Marcel Gromaire,Trois baigneuses,1892,1971,"GBP 18,750","GBP 20,000 - GBP 30,000","signed and dated '1967 Gromaire ' (lower right); signed, dated and inscribed 'GROMAIRE Trois baigneuses 1967 jbb' (on the reverse)",oil on canvas,54,65.2,Painted in 1967,"
    Private collection, Rome, and thence by descent to the present owners.
   ",https://www.christies.com/img/LotImages/2018/CKS/2018_CKS_15472_0550_000(marcel_gromaire_trois_baigneuses).jpg?w=400
507,Henry Moore,Reclining figure,1898,1986,"GBP 81,250","GBP 70,000 - GBP 100,000",N.A.,bronze with dark brown patina,13,N.A.,Conceived in lead in 1938 and cast in bronze   circa  1946 in an edition of no more than six,"
    Roland Browse & Delbanco, London.
    
    Dr. Henry Roland, London, acquired from the above in 1948, and thence by descent; sale, Sotheby's, London, 30 November 1994, lot 216.
    
    Acquired at the above sale by the present owner.
   ",https://www.christies.com/img/LotImages/2018/CKS/2018_CKS_15472_0507_000(henry_moore_reclining_figure).jpg?w=400
443,Jean Metzinger,Péniches au bord de la Seine,1883,1956,"GBP 200,000","GBP 90,000 - GBP 150,000",signed 'Metzinger' (lower right),oil on canvas,59,73.2,Painted   circa  1904,"
    Dr Bouchard.
    
    Barbara Annis, Inc., New York.
    
    Robert Caramel, New York, by whom acquired from the above in 1987, and thence by descent; sale, Christie's, New York, 15 May 1997, lot 370.
    
    Private collection, California, by whom acquired at the above sale; sale, Christie's, London, 5 February 2008, lot 208.
    
    Private collection, Milan, by whom acquired at the above sale.
   ",https://www.christies.com/img/LotImages/2018/CKS/2018_CKS_15472_0443_000(jean_metzinger_peniches_au_bord_de_la_seine).jpg?w=400
506,Marc Chagall,Le peintre et la crucifixion,1887,1985,"GBP 752,750","GBP 650,000 - GBP 950,000",signed ‘Marc Chagall’ (lower right); signed and dated ‘Marc Chagall 1981’ (on the reverse),oil on canvas,73,53.8,Painted in 1981,"
    Gallery Delaive, Amsterdam
    
    Private collection, Amsterdam, by whom acquired from the above in March 2001.
   ",https://www.christies.com/img/LotImages/2018/CKS/2018_CKS_15472_0506_000(marc_chagall_le_peintre_et_la_crucifixion).jpg?w=400
551,Moïse Kisling,Petite tête brune,1891,1953,"GBP 68,750","GBP 30,000 - GBP 50,000",signed 'Kisling' (upper right),oil on canvas,41,27,Painted   circa  1930,"
    Galerie Daniel Malingue, Paris.
    
    Galerie Félix Vercel, Paris (no. 6F).
    
    Mr Giacomelli, Udine, by whom acquired from the above in May 1972.
    
    Acquired from the above; sale, Christie's, London, 26 June 2002, lot 127.
    
    Acquired at the above sale by the present owner.
   ",https://www.christies.com/img/LotImages/2018/CKS/2018_CKS_15472_0551_000(moise_kisling_petite_tete_brune).jpg?w=400
402,Celso Lagar,Femme nue couchée tenant ses cheveux,1891,1966,"GBP 10,625","GBP 12,000 - GBP 18,000",signed 'Lagar' (lower right),oil on canvas,73,100,N.A.,"
    Jonas Netter, by whom acquired directly from the artist, and thence by descent to the present owner.
   ",https://www.christies.com/img/LotImages/2018/CKS/2018_CKS_15472_0402_000(celso_lagar_femme_nue_couchee_tenant_ses_cheveux).jpg?w=400
547,Moïse Kisling,Provence,1891,1953,"GBP 43,750","GBP 35,000 - GBP 55,000",signed 'Kisling' (lower right),oil on canvas,81,60.2,Painted in 1918,"
    Private collection, Switzerland, by whom acquired in the 1930s, and thence by descent to the present owner.
   ",https://www.christies.com/img/LotImages/2018/CKS/2018_CKS_15472_0547_000(moise_kisling_provence).jpg?w=400
455,Victor Brauner,Victor Victorios victorieux aux causes victoriennes,1903,1966,"GBP 68,750","GBP 30,000 - GBP 50,000","signed and dated <span style=""font-size:9"">  'VICTOR 30.III.1949.'  (lower right) and inscribed ' <span style=""font-size:9"">  VICTOR.VICTORIOS.VICTORIEUX.AUX.CAUSES.VICTORIENNES.' (lower left)",oil on canvas,46,38,Painted on 30 March 1949,"
    Sidney Janis Gallery, New York.
    
    Galleria Condotti 74, Rome.
    
    Private collection, Rome, by whom acquired from the above, and thence by descent to the present owners.
   ",https://www.christies.com/img/LotImages/2018/CKS/2018_CKS_15472_0455_000(victor_brauner_victor_victorios_victorieux_aux_causes_victoriennes).jpg?w=400
584,Maurice de Vlaminck,Vase de fleurs,1876,1958,"GBP 27,500","GBP 20,000 - GBP 30,000",signed 'Vlaminck' (lower left),oil on canvas,46,33,N.A.,"
    Galerie Charpentier, Paris.
    
    Private collection, New York, by whom probably acquired in the 1950s, and thence by descent to the present owner.
   ",https://www.christies.com/img/LotImages/2018/CKS/2018_CKS_15472_0584_000(maurice_de_vlaminck_vase_de_fleurs).jpg?w=400
615,Raoul Dufy,Nu debout,1877,1953,"GBP 37,500","GBP 30,000 - GBP 50,000","signed, dated and inscribed 'A Thérèse Bonney Raoul Dufy 39' (incised along the lower edge); dated '12 juin 39' (on the reverse)",oil on panel,38.5,21,Painted in June 1939,"
    Thérèse Bonney, Paris, a gift from the artist.
    
    Berkeley Art Museum, California, bequeathed by the above in 1984; sale, Christie's, New York, 14 November 1996, lot 208.
    
    Private collection, by whom acquired at the above sale; sale, Christie's, New York, 9 November 2006, lot 471.
    
    Private collection; sale, Sotheby's, London, 20 June 2013, lot 473.
    
    Acquired at the above sale by the present owner.
   ",https://www.christies.com/img/LotImages/2018/CKS/2018_CKS_15472_0615_000(raoul_dufy_nu_debout).jpg?w=400
496,Jean-Pierre Cassigneul,La promenade,1935,N.A.,"GBP 75,000","GBP 65,000 - GBP 90,000","signed and dated ' <span style=""font-size:9"">  CASSIGNEUL 91.  ' (lower left); signed, dated and inscribed '""La Promenade"" Cassigneul 1991' (on the reverse)",oil on canvas,195,130,Painted in 1991,"
    Private collection, Japan.
    
    Acquired by the present owner in 2004.
   ",https://www.christies.com/img/LotImages/2018/CKS/2018_CKS_15472_0496_000(jean-pierre_cassigneul_la_promenade).jpg?w=400
603,Albert Lebourg,Le bassin à Charenton,1849,1928,"GBP 7,500","GBP 6,000 - GBP 8,000",signed 'a.Lebourg' (lower left),oil on canvas,40,65.4,N.A.,"
    Galerie Georges Petit, Paris (no. 3278).
   ",https://www.christies.com/img/LotImages/2018/CKS/2018_CKS_15472_0603_000(albert_lebourg_le_bassin_a_charenton).jpg?w=400
480,Giorgio de Chirico,Autoritratto,1888,1978,"GBP 81,250","GBP 20,000 - GBP 30,000",signed 'g. de Chirico' (lower right),oil on canvas laid down on board,24.5,20,Painted in the early 1950s,"
    Galleria L'Approdo, Rome.
    
    Private collection, Rome, by whom acquired from the above, and thence by descent to the present owners.
   ",https://www.christies.com/img/LotImages/2018/CKS/2018_CKS_15472_0480_000(giorgio_de_chirico_autoritratto).jpg?w=400
623,Giorgio de Chirico,Ippolito,1888,1978,"GBP 18,750","GBP 15,000 - GBP 20,000",signed 'g. de Chirico' (on top of the base); signed and inscribed 'g. de Chirico plasmò e dipinse' (on the underside),painted terracotta,29.7,N.A.,Executed and hand-painted by the artist   circa  1940-1941,"
    Acquired from the artist, and thence by descent to the present owner.
   ",https://www.christies.com/img/LotImages/2018/CKS/2018_CKS_15472_0623_000(giorgio_de_chirico_ippolito).jpg?w=400
418,Eugène Boudin,Scéne de plage à Trouville,1824,1898,"GBP 548,750","GBP 150,000 - GBP 250,000",signed 'E. Boudin' (lower left) and inscribed and dated 'Trouville 74.' (lower right),oil on panel,17.1,35.2,Painted in 1874,"
    Boussod-Valadon, Paris.
    
    E. Le Roy, Paris.
    
    Jules Strauss, Paris; his sale, Hôtel Drouot, Paris, 3 May 1902, lot 2.
    
    Wildenstein & Co., Inc., New York.
    
    Acquavella Galleries, Inc., New York.
    
    Private collection, San Francisco.
    
    Richard Green, London.
    
    Acquired from the above by the present owner.
   ",https://www.christies.com/img/LotImages/2018/CKS/2018_CKS_15472_0418_000(eugene_boudin_scene_de_plage_a_trouville).jpg?w=400
459,Samuel Bak,Still Life with Ladder,1933,N.A.,"GBP 8,125","GBP 7,000 - GBP 10,000",signed and dated ‘BAK 1976.’ (lower right),oil on canvas,81,64.7,Painted in New York in 1976,"
    Private collection, Switzerland, by whom acquired
    
     circa
    
    1980, and thence by descent to the present owner.
   ",https://www.christies.com/img/LotImages/2018/CKS/2018_CKS_15472_0459_000(samuel_bak_still_life_with_ladder).jpg?w=400
567,Bernard Buffet,Buick 1953,1928,1999,"GBP 150,000","GBP 60,000 - GBP 80,000",signed 'Bernard Buffet' (upper right); dated and inscribed 'Buick 1953' (on the reverse),oil on canvas,97,130,Painted in 1984,"
    Galerie Tamenaga, Tokyo.
    
    Anonymous sale, Mainichi Art Auction, Tokyo, 5 September 2015, lot 1120.
    
    Private collection, Japan.
    
    Acquired from the above by the present owner.
   ",https://www.christies.com/img/LotImages/2018/CKS/2018_CKS_15472_0567_000(bernard_buffet_buick_1953).jpg?w=400
422,Pierre Bonnard,"Le Golfe, entre la Napoule et Saint-Raphaël",1867,1947,"GBP 93,750","GBP 80,000 - GBP 120,000",signed 'Bonnard' (lower left),oil on canvas,43.5,56,Painted in 1912,"
    Galerie Bernheim-Jeune, Paris, by whom acquired from the artist on 15 May 1912.
    
    Charles Pacquement, Paris, by whom acquired from the above on 29 May 1912; his sale, Galerie Georges Petit, Paris, 12 December 1932, lot 9.
    
    Collection Sée, by whom acquired at the above sale.
    
    Knoedler & Co., Paris.
    
    André Derain, Paris; his sale, Galerie Charpentier, Paris, 22 March 1955, lot 54.
    
    Anonymous sale, Christie's, London, 3 December 1965, lot 59.
    
    Jacques Daber, Paris.
    
    P. Brunet, Paris.
    
    Acquired from the above in 1969, and thence by descent to the present owner.
   ",https://www.christies.com/img/LotImages/2018/CKS/2018_CKS_15472_0422_000(pierre_bonnard_le_golfe_entre_la_napoule_et_saint-raphael).jpg?w=400
475,Mario Radice,Composizione T.R. 3,1900,1987,"GBP 8,750","GBP 7,000 - GBP 10,000","signed 'RADICE' (lower left); signed, inscribed and dated 'RADICE « comp. T.R.3 » 1971' (on the reverse)",oil on canvas,60.5,45.5,Painted in 1971,"
    Private collection; sale, Christie's, Milan, 24 November 2009, lot 55.
    
    Private collection, Milan, by whom acquired at the above sale.
   ",https://www.christies.com/img/LotImages/2018/CKS/2018_CKS_15472_0475_000(mario_radice_composizione_tr_3).jpg?w=400
463,Giorgio de Chirico,Interno metafisico a Manhattan,1888,1978,"GBP 200,000","GBP 100,000 - GBP 150,000",signed and dated 'g. de Chirico 1972' (upper right),oil on canvas,49.5,40,Painted in 1972,"
    Acquired by the present owner, by 1995.
   ",https://www.christies.com/img/LotImages/2018/CKS/2018_CKS_15472_0463_000(giorgio_de_chirico_interno_metafisico_a_manhattan).jpg?w=400
571,Robert Marc,Portrait,1943,1999,"GBP 8,125","GBP 8,000 - GBP 12,000",signed 'ROBERT MARC' (lower centre),oil on canvas,115.5,81,Painted in 1989,"
    The artist's estate.
    
    By descent from the above to the present owners.
   ",https://www.christies.com/img/LotImages/2018/CKS/2018_CKS_15472_0571_000(robert_marc_portrait).jpg?w=400
434,Auguste Rodin,"L'enfant prodigue, petit modèle",1840,1917,"GBP 62,500","GBP 40,000 - GBP 60,000",signed 'A. Rodin' (on the right of the base) and inscribed with the foundry mark 'Georges Rudier Fondeur Paris c Musée Rodin 1959',(on the back of the base); with the raised signature 'A. Rodin' (on the inside),brown,55.4,Conceived in 1889; this bronze version cast by Georges Rudier in 1959 in an edition of nine (nos. 4 to 12),"
    Acquired by the late James Fairfax, by 1969.
   ",https://www.christies.com/img/LotImages/2018/CKS/2018_CKS_15472_0434_000(auguste_rodin_lenfant_prodigue_petit_modele).jpg?w=400
595,Achille Laugé,Route bordée de genêts,1861,1944,"GBP 35,000","GBP 18,000 - GBP 25,000",signed and dated 'A.Laugé 1920' (lower right),oil on canvas,50,73,Painted in 1920,"
    Private collection, France.
   ",https://www.christies.com/img/LotImages/2018/CKS/2018_CKS_15472_0595_000(achille_lauge_route_bordee_de_genets).jpg?w=400
487,Léonard Tsuguharu Foujita,Acrobate en équilibre sur une main,1886,1968,"GBP 162,500","GBP 150,000 - GBP 200,000",signed and dated 'Foujita 1924' (centre right),oil on paper laid down on canvas by the artist,160.5,70,Painted in 1924,"
    Private collection, Japan.
    
    Acquired by the present owner in 2000.
   ",https://www.christies.com/img/LotImages/2018/CKS/2018_CKS_15472_0487_000(leonard_tsuguharu_foujita_acrobate_en_equilibre_sur_une_main).jpg?w=400
468,Joan Miró (1893-1983) and Josep Llorens Artigas,Plaque double face,1892,1980,"GBP 87,500","GBP 70,000 - GBP 100,000",signed and dated 'Miró. 1946 ARTIGAS' (on the underside),painted and glazed earthenware plaque,16,N.A.,Executed in 1946; this work is unique,"
    Josep Llorens Artigas, Barcelona.
    
    Galerie Marwan Hoss, Paris.
    
    Acquired from the above by the present owner in the 1990s.
   ",https://www.christies.com/img/LotImages/2018/CKS/2018_CKS_15472_0468_000(joan_miro_and_josep_llorens_artigas_plaque_double_face).jpg?w=400
604,Henri Le Sidaner,"Sur les dunes, Etaples",1862,1939,"GBP 22,500","GBP 20,000 - GBP 30,000","signed and dated ' <span style=""font-size:9"">  HENRI LE SIDANER  1888' (lower right)",oil on canvas,46.5,61,Painted in 1888,"
    Jules Desjardins, Saint-Quentin, Aisne.
    
    Private collection.
    
    Anonymous sale, Sotheby's, London, 29 June 1988, lot 135.
    
    Acquired at the above sale by the present owner.
   ",https://www.christies.com/img/LotImages/2018/CKS/2018_CKS_15472_0604_000(henri_le_sidaner_sur_les_dunes_etaples).jpg?w=400
491,Bernard Buffet,"Officier d'Empire, le trompette",1928,1999,"GBP 150,000","GBP 100,000 - GBP 150,000",signed 'Bernard Buffet' (upper left) and dated '1987' (upper right),oil on canvas,130,89,Painted in 1987,"
    Galerie Maurice Garnier, Paris.
    
    Private collection, Germany, by whom acquired from the above.
    
    Acquired from the above by the present owner.
   ",https://www.christies.com/img/LotImages/2018/CKS/2018_CKS_15472_0491_000(bernard_buffet_officier_dempire_le_trompette).jpg?w=400
612,Maurice de Vlaminck,Dégel en forêt,1876,1958,"GBP 68,750","GBP 30,000 - GBP 50,000",signed 'Vlaminck' (lower left),oil on canvas,60,73,N.A.,"
    André Marie, Paris, and thence by descent.
    
    Anonymous Sale, Georges Blache, Versailles, 2 June 1976, lot 138.
    
    Anonymous sale, Hôtel Drouot, Paris, 26 March 2004, lot 14.
    
    Private collection, Oregon, by whom acquired at the above sale; sale, Christie's, New York, 2 November 2011, lot 395.
    
    Acquired at the above sale by the present owner.
   ",https://www.christies.com/img/LotImages/2018/CKS/2018_CKS_15472_0612_000(maurice_de_vlaminck_degel_en_foret).jpg?w=400
583,Henri Le Sidaner,"La petite boutique, Gerberoy",1862,1939,"GBP 81,250","GBP 80,000 - GBP 120,000",signed 'LeSidaner' (lower left),oil on canvas,59,81.2,Painted in 1906,"
    Louis Le Sidaner, Paris (the artist's son).
    
    Galerie George Petit, Paris (no. 3515).
    
    Anonymous sale, Hôtel Drouot, Paris, 21 November 1949.
    
    Anonymous sale, Christie's, London, 26 June 1996, lot 145.
    
    Anonymous sale, Sotheby's, London, 8 December 1998, lot 319.
    
    Acquired at the above sale, and thence by descent to the present owner.
   ",https://www.christies.com/img/LotImages/2018/CKS/2018_CKS_15472_0583_000(henri_le_sidaner_la_petite_boutique_gerberoy).jpg?w=400
429,Émile Bernard,"Nature morte aux carafe, verres, fruits, pot d'etain sur une nappe",1868,1941,"GBP 320,750","GBP 200,000 - GBP 300,000",signed and dated 'Emile Bernard 1888' (lower left),oil on canvas,73,88.9,Painted in 1888,"
    M.-A. Bernard-Fort, Paris.
    
    Maurcie Sauvant, Paris.
    
    E.J. van Wisselingh & Co., Amsterdam.
    
    John & Frances. L. Loeb, New York, by whom acquired from the above,
    
     circa
    
    1965, and thence by descent; their sale, 12 May 1997, lot 120.
    
    Acquired at the above sale by the present owner.
   ",https://www.christies.com/img/LotImages/2018/CKS/2018_CKS_15472_0429_000(emile_bernard_nature_morte_aux_carafe_verres_fruits_pot_detain_sur_une).jpg?w=400
452,Fernand Léger,La femme à la rose,1881,1955,"GBP 224,750","GBP 120,000 - GBP 180,000",signed 'F.LEGER.' (lower right),oil on canvas,33,41,Painted in 1931,"
    Galerie Louise Leiris, Paris (inv. no. 012634/30510).
    
    Galleria Notizie Arte Contemporanea, Turin.
    
    Galleria Toninelli, Milan.
    
    Private collection, Europe, by whom acquired from the above in 1974.
    
    Acquired from the above by the present owner in 1994.
   ",https://www.christies.com/img/LotImages/2018/CKS/2018_CKS_15472_0452_000(fernand_leger_la_femme_a_la_rose).jpg?w=400
517,Lyonel Feininger,Yellow Village Church II,1871,1956,"GBP 392,750","GBP 200,000 - GBP 300,000","signed and dated 'Feininger 33' (lower left); signed, dated and inscribed 'Lyonel Feininger: 1933 <span style=""font-size:9"">  YELLOW VILLAGE CHURCH II  ' (on the stretcher)",oil on canvas,40.2,48,Painted in 1933,"
    The artist's estate.
    
    Anonymous sale, Roman Norbert Ketterer, Stuttgart, 3 May 1962, lot 95.
    
    Galerie Wilhelm Grosshennig, Dusseldorf, 1967.
    
    Wilhelm Reinold, Hamburg, by whom acquired from the above, and thence by descent to the present owners.
   ",https://www.christies.com/img/LotImages/2018/CKS/2018_CKS_15472_0517_000(lyonel_feininger_yellow_village_church_ii).jpg?w=400
405,Chaïm Soutine,Maisons au bord de mer,1893,1943,"GBP 224,750","GBP 200,000 - GBP 300,000",signed 'Soutine' (lower left),oil on canvas,67.4,53.8,Painted   circa  1918,"
    Jonas Netter, Paris, by
    
     circa
    
    1925, and thence by descent to the present owner.
   ",https://www.christies.com/img/LotImages/2018/CKS/2018_CKS_15472_0405_000(chaim_soutine_maisons_au_bord_de_mer).jpg?w=400
540,Henri Martin,Le bassin central du parc de Marquayrol,1860,1943,"GBP 440,750","GBP 150,000 - GBP 200,000",signed 'Henri Martin' (lower right),oil on canvas,81,131,Painted   circa  1910,"
    Private collection, France.
    
    Richard Green Gallery, London.
    
    Acquired from the above by the present owner.
   ",https://www.christies.com/img/LotImages/2018/CKS/2018_CKS_15472_0540_000(henri_martin_le_bassin_central_du_parc_de_marquayrol).jpg?w=400
413,Maurice Utrillo,Rue d'Auteuil,1883,1955,"GBP 100,000","GBP 80,000 - GBP 120,000","signed 'Maurice, Utrillo, V,' (lower right)",oil on board,58,81.5,Painted   circa  1938,"
    Galerie Pétridès, Paris.
    
    S.N. Petchers, New York.
    
    David B. Findlay Galleries, New York.
   ",https://www.christies.com/img/LotImages/2018/CKS/2018_CKS_15472_0413_000(maurice_utrillo_rue_dauteuil).jpg?w=400
556,Théo Tobiasse,Le fils de l'emigré s'arrête à Notre-dame,1927,2012,"GBP 11,875","GBP 10,000 - GBP 15,000",signed 'theo tobiasse' (upper left) and dated and inscribed 'Le fils de l'émigré s'arrétte [   sic  ] à Notre-dame 70' (upper right),oil on canvas,73,91.7,Painted in 1970,"
    Private collection, Europe; sale, Sotheby's, Tel Aviv, 27 September 1994, lot 69.
    
    Acquired at the above sale by the present owner.
   ",https://www.christies.com/img/LotImages/2018/CKS/2018_CKS_15472_0556_000(theo_tobiasse_le_fils_de_lemigre_sarrete_a_notre-dame).jpg?w=400
444,Maurice de Vlaminck,La Rivière,1876,1958,"GBP 137,500","GBP 120,000 - GBP 180,000",signed 'Vlaminck' (lower right),oil on canvas,65.1,81,N.A.,"
    The artist's estate.
    
    Ambroise Vollard, Paris, by whom acquired from the above.
    
    Francis Taylor, Beverly Hills.
    
    Dalzell Hatfield Galleries, Los Angeles.
    
    Mr. and Mrs. David Lowe, Los Angeles.
    
    Richard L. Feigen & Co., New York.
    
    Leona M. Helmsley, New York, and thence by desent; sale, Christie's, New York, 7 May 2009, lot 241.
    
    Acquired at the above sale by the present owner.
   ",https://www.christies.com/img/LotImages/2018/CKS/2018_CKS_15472_0444_000(maurice_de_vlaminck_la_riviere).jpg?w=400
501,Joaquín Torres-García,Friso,1874,1949,"GBP 187,500","GBP 150,000 - GBP 250,000",signed and dated 'J TORRES-GARCIA 28' (along the left edge),oil and sand on canvas,77,143,Painted in 1928,"
    Galerie Pierre, Paris.
    
    Rafael Lorente & Rafael Ruano, Montevideo, by 1962.
    
    Galería Jorge Mara, Madrid, by 1991.
    
    Acquired from the above by the present owner,
    
     circa
    
    1995.
   ",https://www.christies.com/img/LotImages/2018/CKS/2018_CKS_15472_0501_000(joaquin_torres-garcia_friso).jpg?w=400
599,Maximilien Luce,"Rouen, le port",1858,1941,"GBP 62,500","GBP 50,000 - GBP 80,000",signed and dated 'Luce 1913' (lower left),oil on canvas,81.3,100.3,Painted in 1913,"
    Galerie Léon Marseille, Paris.
    
    Dr. A. Roudinesco, Paris; his sale, Sotheby's, New York, 10 October 1968, lot 27.
    
    Sonja Eiteljorg, Indianapolis, by whom acquired at the above sale; sale, Christie's, New York, 8 May 2002, lot 262.
    
    Chantal & Guy Heytens, Monte Carlo, by whom acquired at the above sale; sale, Sotheby's, New York, 9 May 2007, lot 270.
    
    Alon Zakaim Fine Art, London.
    
    Acquired from the above by the present owner.
   ",https://www.christies.com/img/LotImages/2018/CKS/2018_CKS_15472_0599_000(maximilien_luce_rouen_le_port).jpg?w=400
537,Édouard Vuillard,Square Berlioz,1868,1940,"GBP 125,000","GBP 100,000 - GBP 150,000",N.A.,stamped with signature 'EVuillard' (Lugt 2497a; lower right),53,54.4,Painted in 1919,"
    Jos Hessel, Paris.
    
    Dr. and Mme Prosper-Emile Weil, Paris.
    
    Private collection, Paris.
    
    Anonymous sale, Hôtel Drouot, Paris, 26 November 1990, lot 13.
    
    Private collection, Paris, by whom acquired at the above sale, and thence by descent to the present owner.
   ",https://www.christies.com/img/LotImages/2018/CKS/2018_CKS_15472_0537_000(edouard_vuillard_square_berlioz).jpg?w=400
560,Chana Orloff,Veuve no.1,1888,1968,"GBP 11,250","GBP 15,000 - GBP 20,000",signed 'Ch. Orloff' (on the top of the base); inscribed with the foundry mark 'Susse. Fondeur Paris' (on the back of the base),bronze with dark brown patina with gold undertones,56.5,N.A.,Conceived in 1960 and cast during the artist's lifetime,"
    The artist's estate.
    
    Acquired from the above by the present owner in 2007.
   ",https://www.christies.com/img/LotImages/2018/CKS/2018_CKS_15472_0560_000(chana_orloff_veuve_no1).jpg?w=400
409,Maurice de Vlaminck,Les meules près de la chaumière,1876,1958,"GBP 81,250","GBP 40,000 - GBP 60,000",signed 'Vlaminck' (lower left),oil on canvas,59.7,73,N.A.,"
    D. Paris.
    
    Anonymous sale, Phillips, London, 4 April 1990, lot 18.
    
    Private collection, Japan.
   ",https://www.christies.com/img/LotImages/2018/CKS/2018_CKS_15472_0409_000(maurice_de_vlaminck_les_meules_pres_de_la_chaumiere).jpg?w=400
448,Jean Metzinger,Paysage,1883,1956,"GBP 150,000","GBP 100,000 - GBP 150,000",signed 'Metzinger' (lower left),oil on canvas,53.7,73,Painted   circa  1917-1921,"
    Léonce Rosenberg, Paris, by 1922.
    
    Dr. Henry Roland, London, by whom acquired in October 1949, and thence by descent; sale, Sotheby's, London, 1 April 1987, lot 182.
    
    Acquired at the above sale by the present owner.
   ",https://www.christies.com/img/LotImages/2018/CKS/2018_CKS_15472_0448_000(jean_metzinger_paysage).jpg?w=400
449,Georges Braque,Verre et fruits,1882,1963,"GBP 187,500","GBP 80,000 - GBP 120,000",signed 'G Braque' (lower left),oil on canvas,24,35,Painted in 1932,"
    Vladimir Golschmann, St. Louis.
    
    Perls Galleries, New York (no. 3106), acquired from the above on 1 July 1945.
    
    Arthur Bradley Campbell, Palm Beach, by whom acquired from the above on 10 July 1945; sale, Sotheby's, New York, 27 October 1954, lot 28.
    
    Mrs. Thomas M. Cole-Harrison, New York; sale, Sotheby's, New York, 17 October 1973, lot 68A.
    
    Brook Street Gallery, London.
    
    Private collection, Europe, by whom acquired from the above in November 1974.
    
    Acquired from the above by the present owner in 1994.
   ",https://www.christies.com/img/LotImages/2018/CKS/2018_CKS_15472_0449_000(georges_braque_verre_et_fruits).jpg?w=400
625,Marie Laurencin,La dompteuse,1883,1956,"GBP 1,250","GBP 3,000 - GBP 5,000",signed 'Marie Laurencin' (upper left),oil on board,19,24,Painted   circa  1916,"
    Comtesse de Comminges, Paris,
    
     circa
    
    1931.
    
    Private collection.
    
    Galerie Thibault de la Châtre, Paris, 1987.
    
    Acquired from the above by the present owner in 1989.
   ",https://www.christies.com/img/LotImages/2018/CKS/2018_CKS_15472_0625_000(marie_laurencin_la_dompteuse).jpg?w=400
561,Georges Braque,Hespéris,1882,1963,"GBP 60,000","GBP 20,000 - GBP 30,000",signed and numbered 'G.Braque 4/6' (along the right edge) and inscribed 'Susse Fondeur Paris' (on the back),bronze with dark brown and green patina,45,N.A.,Conceived in 1939 and cast in bronze in 1956,"
    Conrad D. Furrer, Zurich, and thence by descent to the present owner.
   ",https://www.christies.com/img/LotImages/2018/CKS/2018_CKS_15472_0561_000(georges_braque_hesperis).jpg?w=400
424,Henri Matisse,Le vivier (Paysage de Provence),1869,1954,"GBP 440,750","GBP 300,000 - GBP 500,000",signed 'HENRI-MATISSE' (lower left),oil on canvas,46.4,55,Painted in 1923,"
    Acquired directly from the artist in 1923, and thence by descent to the present owner.
   ",https://www.christies.com/img/LotImages/2018/CKS/2018_CKS_15472_0424_000(henri_matisse_le_vivier).jpg?w=400
536,Édouard Vuillard,Le Salon chez Marcelle Aron,1868,1940,"GBP 80,000","GBP 80,000 - GBP 120,000",N.A.,stamped with signature 'EVuillard' (L.2497b; lower left),65,56.4,Executed   circa  1911-1912,"
    The artist's estate.
    
    Galerie Georges Maratier, Paris.
    
    Galerie Rousso, Paris.
    
    Coleman Art Gallery, Philadelphia, by April 1953.
    
    Edouard R. Schaible, Easton, and thence by descent; sale, Sotheby's, New York, 12 November 1988, lot 120.
    
    Elie Dahan, Paris, by 1990.
    
    Anonymous sale, Hôtel Drouot, Paris, 28 March 1996, lot 3.
    
    Acquired at the above sale by the present owner.
   ",https://www.christies.com/img/LotImages/2018/CKS/2018_CKS_15472_0536_000(edouard_vuillard_le_salon_chez_marcelle_aron).jpg?w=400
465,Óscar Domínguez,Erotica,1906,1958,"GBP 175,000","GBP 120,000 - GBP 180,000",signed and dated 'Domínguez 54' (lower left); inscribed 'EROTICA' (on the reverse),oil on canvas,130.5,155.5,Painted in 1954,"
    Baron & Baroness J.B. Urvater, Brussels.
    
    Acquired from the above by the present owner in 2004.
   ",https://www.christies.com/img/LotImages/2018/CKS/2018_CKS_15472_0465_000(oscar_dominguez_erotica).jpg?w=400
609,Pierre Eugène Montézin,Route sous la neige,1874,1946,"GBP 15,000","GBP 4,000 - GBP 6,000",N.A.,stamped with signature 'Montezin' (lower right),27,37.4,N.A.,"
    Anonymous sale, Sotheby's, London, 24 March 1999, lot 258.
    
    Acquired at the above sale, and thence by descent to the present owner.
   ",https://www.christies.com/img/LotImages/2018/CKS/2018_CKS_15472_0609_000(pierre_eugene_montezin_route_sous_la_neige).jpg?w=400
577,Camille Bombois,Les plaisirs du dimanche,1883,1970,"GBP 2,375","GBP 1,600 - GBP 2,500",N.A.,oil on canvas,16,24.5,Painted   circa  1930,"
    Perls Galleries, New York.
    
    Private collection, Japan.
   ",https://www.christies.com/img/LotImages/2018/CKS/2018_CKS_15472_0577_000(camille_bombois_les_plaisirs_du_dimanche).jpg?w=400
598,Henri Lebasque,Trois baigneuses sur la plage,1865,1937,"GBP 32,500","GBP 25,000 - GBP 35,000",signed 'Lebasque' (lower right),oil on canvas laid down on panel,46,55.3,Painted   circa  1923,"
    Galerie Moos, Geneva (no. 3766).
    
    Galerie Mignon-Massart, Nantes.
    
    Anonymous sale, Couton & Veyrac, Nantes, 22 March 2005.
    
    Acquired at the above sale by the present owner.
   ",https://www.christies.com/img/LotImages/2018/CKS/2018_CKS_15472_0598_000(henri_lebasque_trois_baigneuses_sur_la_plage).jpg?w=400
432,Alfred Sisley,Paysage au tas de bois,1839,1899,"GBP 608,750","GBP 350,000 - GBP 550,000",signed and dated 'Sisley 77' (lower right),oil on canvas,38.1,56.2,Painted in 1877,"
    Ödön Faragó, Budapest; sale, Ernst Museum, Budapest, 1935, lot 227.
    
    Mr & Mrs Ferenc Chorin, Budapest, by whom acquired at the above sale; lost possession 1943-1945.
    
    Edmund W. Mudge, Dallas.
    
    Anonymous sale, Christie's, New York, 15 November 1988, lot 3.
    
    Anonymous sale, Christie's, New York, 5 November 2003, lot 202; sold pursuant to an agreement with the heirs of Mr & Mrs Ferenc Chorin.
    
    Salis & Vertes, Salzburg.
    
    Private collection, Europe, by whom acquired from the above in 2004; sale, Sotheby's, London, 23 June 2010, lot 112.
    
    Richard Green, London.
    
    Acquired from the above by the present owner.
   ",https://www.christies.com/img/LotImages/2018/CKS/2018_CKS_15472_0432_000(alfred_sisley_paysage_au_tas_de_bois).jpg?w=400
445,Raoul Dufy,La maison dans les arbres,1877,1953,"GBP 187,500","GBP 100,000 - GBP 150,000",signed 'Raoul Dufy' (lower left),oil on canvas,73,60.2,Painted in 1908,"
    Galerie Michael Haas, Berlin.
    
    Anonymous sale, Christie's, London, 1 December 1987, lot 196.
    
    Acquired at the above sale by the present owner.
   ",https://www.christies.com/img/LotImages/2018/CKS/2018_CKS_15472_0445_000(raoul_dufy_la_maison_dans_les_arbres).jpg?w=400
412,Maurice Utrillo,"Eglise Sainte-Marie, I'lle de Ré (Charente-inférieure)",1883,1955,"GBP 75,000","GBP 50,000 - GBP 80,000","signed 'Maurice, Utrillo, V,' (lower right) and inscribed '-L'Eglise Sainte-Marie à Î'lle de Ré, (Charente-Inférieure)' (lower left)",oil on canvas,65,50.2,Painted   circa  1938,"
    Private collection, by whom acquired in the early 1950s, and thence by descent; sale, Sotheby's, London, 2 December 1992, lot 200.
    
    Acquired at the above sale by the present owner.
   ",https://www.christies.com/img/LotImages/2018/CKS/2018_CKS_15472_0412_000(maurice_utrillo_eglise_sainte-marie_ille_de_re).jpg?w=400
557,Théo Tobiasse,La Thora est ma fiancée,1927,2012,"GBP 12,500","GBP 10,000 - GBP 15,000","signed 'theo tobiasse' (upper left), inscribed 'La Thora est ma fiancée' (upper right), dated '66' (centre right) and inscribed   Simchat Torah  (in Hebrew, lower left)",oil on canvas,114,89,Painted in 1966,"
    Anonymous sale, Christie's, Tel Aviv, 25 September 1994, lot 69.
    
    Acquired at the above sale by the present owner.
   ",https://www.christies.com/img/LotImages/2018/CKS/2018_CKS_15472_0557_000(theo_tobiasse_la_thora_est_ma_fiancee).jpg?w=400
541,Henri Manguin,"Paysage aux baigneuses, Colombier",1874,1949,"GBP 175,000","GBP 120,000 - GBP 180,000",N.A.,stamped 'Manguin' (lower right),81,100,Painted in summer 1917,"
    Mme Henri Manguin, St-Tropez, and thence by descent, until June 1983.
    
    Anonymous sale, Versailles, 8 June 1983, lot 27.
    
    Private collection, France.
    
    Anonymous sale, Christie's, New York, 20 November 1986, lot 367.
    
    Acquired at the above sale by the present owner.
   ",https://www.christies.com/img/LotImages/2018/CKS/2018_CKS_15472_0541_000(henri_manguin_le_repos_jeanne_et_pierre_manguin_a_saint-tropez).jpg?w=400
453,Antoine Pevsner,Création linéaire,1884,1962,"GBP 77,500","GBP 70,000 - GBP 100,000",signed and indistinctly dated 'Pevsner 1918 - 1925' (incised lower right) and initialled and dated '18 AP 25' (incised lower left),"oil, gouache and encaustic on cradled board",51.5,35.5,Painted in   1918-1925,"
    Marcel Joray, Neuchâtel, acquired from the artist in 1961.
    
    Private collection, Switzerland, by whom acquired from the above in June 1997, and thence by descent to the present owner.
   ",https://www.christies.com/img/LotImages/2018/CKS/2018_CKS_15472_0453_000(antoine_pevsner_creation_lineaire).jpg?w=400
428,Emile Claus,"Vue sur Murano, lueur du couchant",1849,1924,"GBP 596,750","GBP 250,000 - GBP 350,000",signed and inscribed 'Emile Claus Murano Venzia' (lower right); signed with the initials and dated 'novembré J. F. E.C' (on the reverse),oil on canvas,73.5,92,Painted in November 1906,"
    Anonymous sale, Galerie Georges Giroux, Brussels, 17 March 1934, lot 26 (illustrated).
    
    Stephane Halot, Brussels, by whom acquired from the above, and thence by descent to the present owner.
   ",https://www.christies.com/img/LotImages/2018/CKS/2018_CKS_15472_0428_000(emile_claus_vue_sur_murano_lueur_du_couchant).jpg?w=400
613,Maurice de Vlaminck,Environs de Bourth,1876,1958,"GBP 87,500","GBP 60,000 - GBP 90,000",signed 'Vlaminck' (lower right),oil on canvas,60.4,73,N.A.,"
    M. et Mme Henri Flammarion, Paris, by whom acquired directly from the artist
    
     circa
    
    1950.
    
    Anonymous Sale, Christie's, Paris, 21 October 2003, lot 196.
    
    Acquired at the above sale by the present owner.
   ",https://www.christies.com/img/LotImages/2018/CKS/2018_CKS_15472_0613_000(maurice_de_vlaminck_environs_de_bourth).jpg?w=400
490,Bernard Buffet,Clown blanc au chapeau vert,1928,1999,"GBP 392,750","GBP 200,000 - GBP 300,000",signed and dated 'Bernard Buffet 1989' (lower right),oil on canvas,100,73,Painted in 1989,"
    Galerie Maurice Garnier, Paris.
    
    Galerie Meegun, Seoul.
    
    Acquired from the above by the present owner.
   ",https://www.christies.com/img/LotImages/2018/CKS/2018_CKS_15472_0490_000(bernard_buffet_clown_blanc_au_chapeau_vert).jpg?w=400
486,Chaïm Soutine,Portrait de Charlot,1893,1943,"GBP 896,750","GBP 300,000 - GBP 500,000",signed twice 'Soutine' (upper right),oil on canvas,30.4,25.1,Painted   circa  1935-1937,"
    Marcellin & Madeleine Castaing, Paris, by whom acquired from the artist.
    
    Michel Castaing, Paris, (son of the above), and thence by descent; sale, Sotheby's, London, 22 June 2004, lot 168.
    
    Triton Collection Foundation, Netherlands, by whom acquired in 2006.
   ",https://www.christies.com/img/LotImages/2018/CKS/2018_CKS_15472_0486_000(chaim_soutine_portrait_de_charlot).jpg?w=400
469,William Copley,Phemme-Acie,1919,1996,"GBP 68,750","GBP 25,000 - GBP 35,000","signed and dated 'CPLY 58' (upper right); signed, dated and inscribed 'PHEMME-ACIE CPLY 58' (on the reverse)",oil on canvas,162.2,130,Painted in 1958,"
    Alexander Iolas Gallery, New York.
    
    Baron and Baroness J.B. Urvater, Brussels, by 1965.
    
    Acquired from the above by the present owner in 2004.
   ",https://www.christies.com/img/LotImages/2018/CKS/2018_CKS_15472_0469_000(william_copley_phemme-acie).jpg?w=400
594,Henri Manguin,Saint-Paul de Vence,1874,1949,"GBP 22,500","GBP 18,000 - GBP 25,000",signed 'Manguin' (lower right),oil on canvas,46.2,55,Painted in Autumn 1938,"
    Private collection, France, by whom acquired directly from the artist in November 1942, and thence by descent; sale, Christie's London, 23 June 2004, lot 158.
    
    Private collection, Milan, by whom acquired at the above sale.
   ",https://www.christies.com/img/LotImages/2018/CKS/2018_CKS_15472_0594_000(henri_manguin_saint-paul_de_vence).jpg?w=400
